table	source_sha256	restored_sha256	status
organizations	d2030dba937fa23422f3bee36b62d6ed1b5a58ee738246facea2a612b950c9dc	d2030dba937fa23422f3bee36b62d6ed1b5a58ee738246facea2a612b950c9dc	PASS
companies	9f760bc01e74e298aafda6838c7e314110cf0487058c526cb4ebc22a7f5b4cb6	9f760bc01e74e298aafda6838c7e314110cf0487058c526cb4ebc22a7f5b4cb6	PASS
suppression_entries	cbee7dd6e4d833079cac12db052f1fc1707355c6bb558be1170d0a7da713d8ea	cbee7dd6e4d833079cac12db052f1fc1707355c6bb558be1170d0a7da713d8ea	PASS
messages	3621fecba843052b9e66ae265a0006ebd7c7ffec831dc0035fdf58d8a9809c6d	3621fecba843052b9e66ae265a0006ebd7c7ffec831dc0035fdf58d8a9809c6d	PASS
replies	63b46bb2df77133a85b08e8b0859ec30b039cfec6303336ea78c131d7bdef9da	63b46bb2df77133a85b08e8b0859ec30b039cfec6303336ea78c131d7bdef9da	PASS
leads	c90b19c4231b5058bcb924b36b173fdbcec9484cb4e114cd6b2bb757811184f4	c90b19c4231b5058bcb924b36b173fdbcec9484cb4e114cd6b2bb757811184f4	PASS
outbox_events	f871f5d848d98514593f856ae6d23e5dfb0b191765ff74b5e781a8f1d349f310	f871f5d848d98514593f856ae6d23e5dfb0b191765ff74b5e781a8f1d349f310	PASS
object_records	8ee958ca574a1b65c7e316f6bd9b49f2e18970cd1aa9ad36a0e45decfbe7a29e	8ee958ca574a1b65c7e316f6bd9b49f2e18970cd1aa9ad36a0e45decfbe7a29e	PASS
audit_log	06643df3c3073cade926b1da801d8ab28088bb90c919a328be64e27fc99413c3	06643df3c3073cade926b1da801d8ab28088bb90c919a328be64e27fc99413c3	PASS
