razon_social,estado,municipio,giro_actividad,tipo_certificado,vigencia,estatus_padron,source_url,source_date
"CASA CUERVO, S.A. DE C.V. PLANTA CAMICHINES",Jalisco,,,Industria Limpia,2025,CERTIFICADO_VIGENTE,https://repodatos.atdt.gob.mx/api_update/profepa/certificados_vigentes_fecha_programa_nacional_auditoria_ambiental/certificados_vigentes_pnaa.csv,2026-08-26
"TEQUILA SIETE LEGUAS, S.A. DE C.V. (PLANTA LA VENCEDORA)",Jalisco,,,Industria Limpia,2025,CERTIFICADO_VIGENTE,https://repodatos.atdt.gob.mx/api_update/profepa/certificados_vigentes_fecha_programa_nacional_auditoria_ambiental/certificados_vigentes_pnaa.csv,2026-08-26
"INGREDION MÉXICO, S.A. DE C.V. PLANTA PARAÍSO",Jalisco,,,Industria Limpia,2025,CERTIFICADO_VIGENTE,https://repodatos.atdt.gob.mx/api_update/profepa/certificados_vigentes_fecha_programa_nacional_auditoria_ambiental/certificados_vigentes_pnaa.csv,2026-08-26
"BIMBO, S.A. DE C.V. PLANTA BIMBO OCCIDENTE",Jalisco,,,Industria Limpia,2025,CERTIFICADO_VIGENTE,https://repodatos.atdt.gob.mx/api_update/profepa/certificados_vigentes_fecha_programa_nacional_auditoria_ambiental/certificados_vigentes_pnaa.csv,2026-08-26
"CFE GENERACIÓN II EPS, (CENTRAL HIDROELÉCTRICA COLIMILLA)",Jalisco,,,Industria Limpia,2025,CERTIFICADO_VIGENTE,https://repodatos.atdt.gob.mx/api_update/profepa/certificados_vigentes_fecha_programa_nacional_auditoria_ambiental/certificados_vigentes_pnaa.csv,2026-08-26
"CFE GENERACIÓN II EPS, (CENTRAL HIDROELÉCTRICA PUENTE GRANDE)",Jalisco,,,Industria Limpia,2025,CERTIFICADO_VIGENTE,https://repodatos.atdt.gob.mx/api_update/profepa/certificados_vigentes_fecha_programa_nacional_auditoria_ambiental/certificados_vigentes_pnaa.csv,2026-08-26
"CFE GENERACIÓN II EPS, (CENTRAL HIDROELÉCTRICA LUIS M. ROJAS)",Jalisco,,,Industria Limpia,2025,CERTIFICADO_VIGENTE,https://repodatos.atdt.gob.mx/api_update/profepa/certificados_vigentes_fecha_programa_nacional_auditoria_ambiental/certificados_vigentes_pnaa.csv,2026-08-26
"CFE GENERACIÓN II EPS, CENTRAL HIDROELÉCTRICA GRAL. MANUEL M. DIÉGUEZ",Jalisco,,,Industria Limpia,2025,CERTIFICADO_VIGENTE,https://repodatos.atdt.gob.mx/api_update/profepa/certificados_vigentes_fecha_programa_nacional_auditoria_ambiental/certificados_vigentes_pnaa.csv,2026-08-26
"SÚRFAX, S.A. DE C.V.",Jalisco,,,Industria Limpia,2025,CERTIFICADO_VIGENTE,https://repodatos.atdt.gob.mx/api_update/profepa/certificados_vigentes_fecha_programa_nacional_auditoria_ambiental/certificados_vigentes_pnaa.csv,2026-08-26
"MULTI-COLOR LABEL CORPORATION-MÉXICO, S.A. DE C.V.",Jalisco,,,Industria Limpia,2025,CERTIFICADO_VIGENTE,https://repodatos.atdt.gob.mx/api_update/profepa/certificados_vigentes_fecha_programa_nacional_auditoria_ambiental/certificados_vigentes_pnaa.csv,2026-08-26
"PRAXAIR MÉXICO, S. DE R.L. DE C.V. (COMPLEJO GUADALAJARA)",Jalisco,,,Industria Limpia,2025,CERTIFICADO_VIGENTE,https://repodatos.atdt.gob.mx/api_update/profepa/certificados_vigentes_fecha_programa_nacional_auditoria_ambiental/certificados_vigentes_pnaa.csv,2026-08-26
"FLEXTRONICS TECHNOLOGIES MÉXICO, S. DE R.L. DE C.V.",Jalisco,,,Industria Limpia,2025,CERTIFICADO_VIGENTE,https://repodatos.atdt.gob.mx/api_update/profepa/certificados_vigentes_fecha_programa_nacional_auditoria_ambiental/certificados_vigentes_pnaa.csv,2026-08-26
"CONTINENTAL AUTOMOTIVE GUADALAJARA MÉXICO, S. DE R.L. DE C.V. PLANTA PERIFÉRICO",Jalisco,,,Industria Limpia,2025,CERTIFICADO_VIGENTE,https://repodatos.atdt.gob.mx/api_update/profepa/certificados_vigentes_fecha_programa_nacional_auditoria_ambiental/certificados_vigentes_pnaa.csv,2026-08-26
"HONDA DE MÉXICO, S.A. DE C.V. (PLANTA MOTOCICLETAS)",Jalisco,,,Industria Limpia,2025,CERTIFICADO_VIGENTE,https://repodatos.atdt.gob.mx/api_update/profepa/certificados_vigentes_fecha_programa_nacional_auditoria_ambiental/certificados_vigentes_pnaa.csv,2026-08-26
"FÁBRICA DE PAPEL SAN FRANCISCO, S.A. DE C.V. (PLANTA CONVERSIÓN GUADALAJARA)",Jalisco,,,Industria Limpia,2026,CERTIFICADO_VIGENTE,https://repodatos.atdt.gob.mx/api_update/profepa/certificados_vigentes_fecha_programa_nacional_auditoria_ambiental/certificados_vigentes_pnaa.csv,2026-08-26
"SERVICIOS REFRESQUEROS DEL GOLFO Y BAJÍO, S. DE R.L. DE C.V. PLANTA MORELIA",Michoacan,,,Industria Limpia,2026,CERTIFICADO_VIGENTE,https://repodatos.atdt.gob.mx/api_update/profepa/certificados_vigentes_fecha_programa_nacional_auditoria_ambiental/certificados_vigentes_pnaa.csv,2026-08-26
"CFE DISTRIBUCIÓN, GERENCIA JALISCO, ZONA METROPOLITANA HIDALGO, SUBESTACIÓN MOJONERA",Jalisco,,,Calidad Ambiental,2025,CERTIFICADO_VIGENTE,https://repodatos.atdt.gob.mx/api_update/profepa/certificados_vigentes_fecha_programa_nacional_auditoria_ambiental/certificados_vigentes_pnaa.csv,2026-08-26
"CFE DISTRIBUCIÓN, GERENCIA JALISCO, ZONA METROPOLITANA HIDALGO, SUBESTACIÓN PINAR",Jalisco,,,Calidad Ambiental,2025,CERTIFICADO_VIGENTE,https://repodatos.atdt.gob.mx/api_update/profepa/certificados_vigentes_fecha_programa_nacional_auditoria_ambiental/certificados_vigentes_pnaa.csv,2026-08-26
"CFE DISTRIBUCIÓN, GERENCIA JALISCO, ZONA METROPOLITANA HIDALGO, SUBESTACIÓN ZOQUIPAN",Jalisco,,,Calidad Ambiental,2025,CERTIFICADO_VIGENTE,https://repodatos.atdt.gob.mx/api_update/profepa/certificados_vigentes_fecha_programa_nacional_auditoria_ambiental/certificados_vigentes_pnaa.csv,2026-08-26
"CFE DISTRIBUCIÓN, GERENCIA JALISCO, ZONA METROPOLITANA LIBERTAD, SUBESTACIÓN HUENTITÁN NUEVA",Jalisco,,,Calidad Ambiental,2025,CERTIFICADO_VIGENTE,https://repodatos.atdt.gob.mx/api_update/profepa/certificados_vigentes_fecha_programa_nacional_auditoria_ambiental/certificados_vigentes_pnaa.csv,2026-08-26
"CFE DISTRIBUCIÓN, GERENCIA JALISCO, ZONA METROPOLITANA HIDALGO, SUBESTACIÓN MÉXICO",Jalisco,,,Calidad Ambiental,2025,CERTIFICADO_VIGENTE,https://repodatos.atdt.gob.mx/api_update/profepa/certificados_vigentes_fecha_programa_nacional_auditoria_ambiental/certificados_vigentes_pnaa.csv,2026-08-26
"CFE DISTRIBUCIÓN, GERENCIA JALISCO, ZONA METROPOLITANA HIDALGO, SUBESTACIÓN ALAMEDA",Jalisco,,,Calidad Ambiental,2025,CERTIFICADO_VIGENTE,https://repodatos.atdt.gob.mx/api_update/profepa/certificados_vigentes_fecha_programa_nacional_auditoria_ambiental/certificados_vigentes_pnaa.csv,2026-08-26
"CFE DISTRIBUCIÓN, GERENCIA JALISCO, ZONA METROPOLITANA HIDALGO, SUBESTACIÓN EXPERIENCIA",Jalisco,,,Calidad Ambiental,2025,CERTIFICADO_VIGENTE,https://repodatos.atdt.gob.mx/api_update/profepa/certificados_vigentes_fecha_programa_nacional_auditoria_ambiental/certificados_vigentes_pnaa.csv,2026-08-26
"APM TERMINALS LÁZARO CÁRDENAS, S.A. DE C.V.",Michoacan,,,Calidad Ambiental,2025,CERTIFICADO_VIGENTE,https://repodatos.atdt.gob.mx/api_update/profepa/certificados_vigentes_fecha_programa_nacional_auditoria_ambiental/certificados_vigentes_pnaa.csv,2026-08-26
"FIMEX, S.A. DE C.V.",Jalisco,,,Industria Limpia,2026,CERTIFICADO_VIGENTE,https://repodatos.atdt.gob.mx/api_update/profepa/certificados_vigentes_fecha_programa_nacional_auditoria_ambiental/certificados_vigentes_pnaa.csv,2026-08-26
"AEROPUERTO DE PUERTO VALLARTA, S.A. DE C.V.(AEROPUERTO INTERNACIONAL VALLARTA - NAYARIT)",Jalisco,,,Calidad Ambiental,2026,CERTIFICADO_VIGENTE,https://repodatos.atdt.gob.mx/api_update/profepa/certificados_vigentes_fecha_programa_nacional_auditoria_ambiental/certificados_vigentes_pnaa.csv,2026-08-26
"CFE GENERACIÓN II EPS, (CENTRAL HIDROELÉCTRICA VALENTÍN GÓMEZ FARÍAS)",Jalisco,,,Industria Limpia,2026,CERTIFICADO_VIGENTE,https://repodatos.atdt.gob.mx/api_update/profepa/certificados_vigentes_fecha_programa_nacional_auditoria_ambiental/certificados_vigentes_pnaa.csv,2026-08-26
"RGL ARRENDADORA DE INMUEBLES, S.A. DE C.V. (CAMPO DE GOLF GREG NORMAN)",Jalisco,,,Calidad Ambiental Turistica,2026,CERTIFICADO_VIGENTE,https://repodatos.atdt.gob.mx/api_update/profepa/certificados_vigentes_fecha_programa_nacional_auditoria_ambiental/certificados_vigentes_pnaa.csv,2026-08-26
"ACEITES, GRASAS Y DERIVADOS, S.A. DE C.V. (PLANTA ZAPOPAN)",Jalisco,,,Industria Limpia,2026,CERTIFICADO_VIGENTE,https://repodatos.atdt.gob.mx/api_update/profepa/certificados_vigentes_fecha_programa_nacional_auditoria_ambiental/certificados_vigentes_pnaa.csv,2026-08-26
"INGREDION MÉXICO, S.A. DE C.V. PLANTA ACEITERA",Jalisco,,,Industria Limpia,2026,CERTIFICADO_VIGENTE,https://repodatos.atdt.gob.mx/api_update/profepa/certificados_vigentes_fecha_programa_nacional_auditoria_ambiental/certificados_vigentes_pnaa.csv,2026-08-26
"CFE DISTRIBUCIÓN, GERENCIA CENTRO OCCIDENTE, ZONA LÁZARO CÁRDENAS, SUBESTACIONES LÁZARO CÁRDENAS DISTRIBUCIÓN, CAYACAL, LA MIRA, GUACAMAYAS, ARTEAGA",Michoacan,,,Calidad Ambiental,2026,CERTIFICADO_VIGENTE,https://repodatos.atdt.gob.mx/api_update/profepa/certificados_vigentes_fecha_programa_nacional_auditoria_ambiental/certificados_vigentes_pnaa.csv,2026-08-26
"CFE DISTRIBUCIÓN, GERENCIA CENTRO OCCIDENTE, ZONA LÁZARO CÁRDENAS, SUBESTACIÓN INFIERNILLO.",Michoacan,,,Calidad Ambiental,2026,CERTIFICADO_VIGENTE,https://repodatos.atdt.gob.mx/api_update/profepa/certificados_vigentes_fecha_programa_nacional_auditoria_ambiental/certificados_vigentes_pnaa.csv,2026-08-26
"GRUPO FERTINAL, S.A. DE C.V. (MUELLE)",Michoacan,,,Calidad Ambiental,2026,CERTIFICADO_VIGENTE,https://repodatos.atdt.gob.mx/api_update/profepa/certificados_vigentes_fecha_programa_nacional_auditoria_ambiental/certificados_vigentes_pnaa.csv,2026-08-26
"CFE DISTRIBUCIÓN, GERENCIA CENTRO OCCIDENTE, ZONA COLIMA, SUBESTACIÓN COAHUAYANA",Michoacan,,,Calidad Ambiental,2026,CERTIFICADO_VIGENTE,https://repodatos.atdt.gob.mx/api_update/profepa/certificados_vigentes_fecha_programa_nacional_auditoria_ambiental/certificados_vigentes_pnaa.csv,2026-08-26
"CFE DISTRIBUCIÓN, GERENCIA JALISCO, ZONA METROPOLITANA HIDALGO, SUBESTACIÓN ANDARES",Jalisco,,,Calidad Ambiental,2026,CERTIFICADO_VIGENTE,https://repodatos.atdt.gob.mx/api_update/profepa/certificados_vigentes_fecha_programa_nacional_auditoria_ambiental/certificados_vigentes_pnaa.csv,2026-08-26
"CFE DISTRIBUCIÓN, GERENCIA JALISCO, ZONA METROPOLITANA HIDALGO, SUBESTACIÓN ACUEDUCTO",Jalisco,,,Calidad Ambiental,2026,CERTIFICADO_VIGENTE,https://repodatos.atdt.gob.mx/api_update/profepa/certificados_vigentes_fecha_programa_nacional_auditoria_ambiental/certificados_vigentes_pnaa.csv,2026-08-26
"CFE DISTRIBUCIÓN, GERENCIA JALISCO, ZONA ALTOS, SUBESTACIÓN TEOCALTICHE",Jalisco,,,Calidad Ambiental,2026,CERTIFICADO_VIGENTE,https://repodatos.atdt.gob.mx/api_update/profepa/certificados_vigentes_fecha_programa_nacional_auditoria_ambiental/certificados_vigentes_pnaa.csv,2026-08-26
"CFE DISTRIBUCIÓN, GERENCIA JALISCO, ZONA CIÉNEGA, SUBESTACIÓN JAMAY",Jalisco,,,Calidad Ambiental,2026,CERTIFICADO_VIGENTE,https://repodatos.atdt.gob.mx/api_update/profepa/certificados_vigentes_fecha_programa_nacional_auditoria_ambiental/certificados_vigentes_pnaa.csv,2026-08-26
"CFE DISTRIBUCIÓN, GERENCIA JALISCO, ZONA ALTOS, SUBESTACIÓN CAPILLA DE GUADALUPE",Jalisco,,,Calidad Ambiental,2026,CERTIFICADO_VIGENTE,https://repodatos.atdt.gob.mx/api_update/profepa/certificados_vigentes_fecha_programa_nacional_auditoria_ambiental/certificados_vigentes_pnaa.csv,2026-08-26
"CFE DISTRIBUCIÓN, GERENCIA JALISCO, ZONA CIÉNEGA, SUBESTACIÓN TOTOTLÁN",Jalisco,,,Calidad Ambiental,2026,CERTIFICADO_VIGENTE,https://repodatos.atdt.gob.mx/api_update/profepa/certificados_vigentes_fecha_programa_nacional_auditoria_ambiental/certificados_vigentes_pnaa.csv,2026-08-26
"CFE DISTRIBUCIÓN, GERENCIA JALISCO, ZONA CHAPALA, SUBESTACIÓN CHAPALA",Jalisco,,,Calidad Ambiental,2026,CERTIFICADO_VIGENTE,https://repodatos.atdt.gob.mx/api_update/profepa/certificados_vigentes_fecha_programa_nacional_auditoria_ambiental/certificados_vigentes_pnaa.csv,2026-08-26
"CFE DISTRIBUCIÓN, GERENCIA JALISCO, ZONA METROPOLITANA REFORMA, SUBESTACIÓN PARQUE INDUSTRIAL",Jalisco,,,Calidad Ambiental,2026,CERTIFICADO_VIGENTE,https://repodatos.atdt.gob.mx/api_update/profepa/certificados_vigentes_fecha_programa_nacional_auditoria_ambiental/certificados_vigentes_pnaa.csv,2026-08-26
"CFE DISTRIBUCIÓN, GERENCIA JALISCO, ZONA METROPOLITANA REFORMA, SUBESTACIÓN SAN GASPAR",Jalisco,,,Calidad Ambiental,2026,CERTIFICADO_VIGENTE,https://repodatos.atdt.gob.mx/api_update/profepa/certificados_vigentes_fecha_programa_nacional_auditoria_ambiental/certificados_vigentes_pnaa.csv,2026-08-26
"CFE DISTRIBUCIÓN, GERENCIA JALISCO, ZONA METROPOLITANA REFORMA, SUBESTACIÓN ZALATITÁN",Jalisco,,,Calidad Ambiental,2026,CERTIFICADO_VIGENTE,https://repodatos.atdt.gob.mx/api_update/profepa/certificados_vigentes_fecha_programa_nacional_auditoria_ambiental/certificados_vigentes_pnaa.csv,2026-08-26
"CFE DISTRIBUCIÓN, GERENCIA JALISCO, ZONA CHAPALA, SUBESTACIÓN ZAPOTLANEJO",Jalisco,,,Calidad Ambiental,2026,CERTIFICADO_VIGENTE,https://repodatos.atdt.gob.mx/api_update/profepa/certificados_vigentes_fecha_programa_nacional_auditoria_ambiental/certificados_vigentes_pnaa.csv,2026-08-26
"CFE DISTRIBUCIÓN, GERENCIA JALISCO, ZONA ALTOS, SUBESTACIÓN LA CUEVA",Jalisco,,,Calidad Ambiental,2026,CERTIFICADO_VIGENTE,https://repodatos.atdt.gob.mx/api_update/profepa/certificados_vigentes_fecha_programa_nacional_auditoria_ambiental/certificados_vigentes_pnaa.csv,2026-08-26
"CFE DISTRIBUCIÓN, GERENCIA JALISCO, ZONA ALTOS, SUBESTACIÓN MEXTICACÁN",Jalisco,,,Calidad Ambiental,2026,CERTIFICADO_VIGENTE,https://repodatos.atdt.gob.mx/api_update/profepa/certificados_vigentes_fecha_programa_nacional_auditoria_ambiental/certificados_vigentes_pnaa.csv,2026-08-26
"CFE DISTRIBUCIÓN, GERENCIA JALISCO, ZONA ALTOS, SUBESTACIÓN VALLE DE GUADALUPE",Jalisco,,,Calidad Ambiental,2026,CERTIFICADO_VIGENTE,https://repodatos.atdt.gob.mx/api_update/profepa/certificados_vigentes_fecha_programa_nacional_auditoria_ambiental/certificados_vigentes_pnaa.csv,2026-08-26
"CFE DISTRIBUCIÓN, GERENCIA JALISCO, ZONA ALTOS, SUBESTACIÓN SAN MIGUEL",Jalisco,,,Calidad Ambiental,2026,CERTIFICADO_VIGENTE,https://repodatos.atdt.gob.mx/api_update/profepa/certificados_vigentes_fecha_programa_nacional_auditoria_ambiental/certificados_vigentes_pnaa.csv,2026-08-26
"CASA CUERVO, S.A. DE C.V. (PLANTA GUADALAJARA)",Jalisco,,,Industria Limpia,2026,CERTIFICADO_VIGENTE,https://repodatos.atdt.gob.mx/api_update/profepa/certificados_vigentes_fecha_programa_nacional_auditoria_ambiental/certificados_vigentes_pnaa.csv,2026-08-26
"CFE DISTRIBUCIÓN, GERENCIA JALISCO, ZONA VALLARTA, SUBESTACIÓN FLUVIAL",Jalisco,,,Calidad Ambiental,2026,CERTIFICADO_VIGENTE,https://repodatos.atdt.gob.mx/api_update/profepa/certificados_vigentes_fecha_programa_nacional_auditoria_ambiental/certificados_vigentes_pnaa.csv,2026-08-26
"CFE DISTRIBUCIÓN, GERENCIA CENTRO OCCIDENTE, ZONA PÁTZCUARO, SUBESTACIONES ARIO DE ROSALES, CERRO HUECO, DON VASCO Y PÁTZCUARO SUR.",Michoacan,,,Calidad Ambiental,2026,CERTIFICADO_VIGENTE,https://repodatos.atdt.gob.mx/api_update/profepa/certificados_vigentes_fecha_programa_nacional_auditoria_ambiental/certificados_vigentes_pnaa.csv,2026-08-26
"CFE DISTRIBUCIÓN, GERENCIA CENTRO OCCIDENTE, ZONA PÁTZCUARO, SUBESTACIONES LAGUNILLAS, PÁTZCUARO NORTE, PURUARÁN, TINGAMBATO.",Michoacan,,,Calidad Ambiental,2026,CERTIFICADO_VIGENTE,https://repodatos.atdt.gob.mx/api_update/profepa/certificados_vigentes_fecha_programa_nacional_auditoria_ambiental/certificados_vigentes_pnaa.csv,2026-08-26
"OXITENO MÉXICO, S.A. DE C.V. (PLANTA GUADALAJARA)",Jalisco,,,Industria Limpia,2026,CERTIFICADO_VIGENTE,https://repodatos.atdt.gob.mx/api_update/profepa/certificados_vigentes_fecha_programa_nacional_auditoria_ambiental/certificados_vigentes_pnaa.csv,2026-08-26
"CFE DISTRIBUCIÓN, GERENCIA JALISCO, ZONA ZAPOTLÁN SUBESTACIÓN TUXPAN",Jalisco,,,Calidad Ambiental,2026,CERTIFICADO_VIGENTE,https://repodatos.atdt.gob.mx/api_update/profepa/certificados_vigentes_fecha_programa_nacional_auditoria_ambiental/certificados_vigentes_pnaa.csv,2026-08-26
"CFE DISTRIBUCIÓN, GERENCIA JALISCO, ZONA ZAPOTLÁN, SUBESTACIÓN ZAPOTILTIC",Jalisco,,,Calidad Ambiental,2026,CERTIFICADO_VIGENTE,https://repodatos.atdt.gob.mx/api_update/profepa/certificados_vigentes_fecha_programa_nacional_auditoria_ambiental/certificados_vigentes_pnaa.csv,2026-08-26
"CFE DISTRIBUCIÓN, GERENCIA JALISCO, ZONA ZAPOTLÁN, SUBESTACIÓN JUAN RULFO",Jalisco,,,Calidad Ambiental,2026,CERTIFICADO_VIGENTE,https://repodatos.atdt.gob.mx/api_update/profepa/certificados_vigentes_fecha_programa_nacional_auditoria_ambiental/certificados_vigentes_pnaa.csv,2026-08-26
"CFE DISTRIBUCIÓN, GERENCIA JALISCO, ZONA ZAPOTLÁN, SUBESTACIÓN SAYULA",Jalisco,,,Calidad Ambiental,2026,CERTIFICADO_VIGENTE,https://repodatos.atdt.gob.mx/api_update/profepa/certificados_vigentes_fecha_programa_nacional_auditoria_ambiental/certificados_vigentes_pnaa.csv,2026-08-26
"CFE DISTRIBUCIÓN, GERENCIA JALISCO, ZONA METROPOLITANA JUÁREZ, SUBESTACIÓN EL SOL",Jalisco,,,Calidad Ambiental,2026,CERTIFICADO_VIGENTE,https://repodatos.atdt.gob.mx/api_update/profepa/certificados_vigentes_fecha_programa_nacional_auditoria_ambiental/certificados_vigentes_pnaa.csv,2026-08-26
"CFE DISTRIBUCIÓN, GERENCIA JALISCO, ZONA METROPOLITANA JUÁREZ, SUBESTACIÓN MIRAVALLE",Jalisco,,,Calidad Ambiental,2026,CERTIFICADO_VIGENTE,https://repodatos.atdt.gob.mx/api_update/profepa/certificados_vigentes_fecha_programa_nacional_auditoria_ambiental/certificados_vigentes_pnaa.csv,2026-08-26
"CFE DISTRIBUCIÓN, GERENCIA JALISCO, ZONA ALTOS, SUBESTACIÓN JALOSTOTITLÁN",Jalisco,,,Calidad Ambiental,2026,CERTIFICADO_VIGENTE,https://repodatos.atdt.gob.mx/api_update/profepa/certificados_vigentes_fecha_programa_nacional_auditoria_ambiental/certificados_vigentes_pnaa.csv,2026-08-26
"CFE DISTRIBUCIÓN, GERENCIA JALISCO, ZONA ALTOS, SUBESTACIÓN SAN JUAN DE LOS LAGOS",Jalisco,,,Calidad Ambiental,2026,CERTIFICADO_VIGENTE,https://repodatos.atdt.gob.mx/api_update/profepa/certificados_vigentes_fecha_programa_nacional_auditoria_ambiental/certificados_vigentes_pnaa.csv,2026-08-26
"CFE DISTRIBUCIÓN, GERENCIA JALISCO, ZONA MINAS, SUBESTACIÓN AMATITÁN",Jalisco,,,Calidad Ambiental,2026,CERTIFICADO_VIGENTE,https://repodatos.atdt.gob.mx/api_update/profepa/certificados_vigentes_fecha_programa_nacional_auditoria_ambiental/certificados_vigentes_pnaa.csv,2026-08-26
"CFE DISTRIBUCIÓN, GERENCIA JALISCO, ZONA CIÉNEGA, SUBESTACIÓN LA BARCA",Jalisco,,,Calidad Ambiental,2026,CERTIFICADO_VIGENTE,https://repodatos.atdt.gob.mx/api_update/profepa/certificados_vigentes_fecha_programa_nacional_auditoria_ambiental/certificados_vigentes_pnaa.csv,2026-08-26
"CFE DISTRIBUCIÓN, GERENCIA JALISCO, ZONA METROPOLITANA LIBERTAD, SUBESTACIÓN CUQUÍO",Jalisco,,,Calidad Ambiental,2026,CERTIFICADO_VIGENTE,https://repodatos.atdt.gob.mx/api_update/profepa/certificados_vigentes_fecha_programa_nacional_auditoria_ambiental/certificados_vigentes_pnaa.csv,2026-08-26
"CFE DISTRIBUCIÓN, GERENCIA JALISCO, ZONA METROPOLITANA JUÁREZ, SUBESTACIÓN BUGAMBILIAS",Jalisco,,,Calidad Ambiental,2026,CERTIFICADO_VIGENTE,https://repodatos.atdt.gob.mx/api_update/profepa/certificados_vigentes_fecha_programa_nacional_auditoria_ambiental/certificados_vigentes_pnaa.csv,2026-08-26
"CFE DISTRIBUCIÓN, GERENCIA JALISCO, ZONA METROPOLITANA LIBERTAD, SUBESTACIÓN OBLATOS",Jalisco,,,Calidad Ambiental,2026,CERTIFICADO_VIGENTE,https://repodatos.atdt.gob.mx/api_update/profepa/certificados_vigentes_fecha_programa_nacional_auditoria_ambiental/certificados_vigentes_pnaa.csv,2026-08-26
"CFE DISTRIBUCIÓN, GERENCIA JALISCO, SUBESTACIÓN PUENTE GRANDE DOS",Jalisco,,,Calidad Ambiental,2026,CERTIFICADO_VIGENTE,https://repodatos.atdt.gob.mx/api_update/profepa/certificados_vigentes_fecha_programa_nacional_auditoria_ambiental/certificados_vigentes_pnaa.csv,2026-08-26
"SERVICIOS ESTRELLA AZUL DE OCCIDENTE, S.A. DE C.V., PLANTA GUADALAJARA",Jalisco,,,Calidad Ambiental,2026,CERTIFICADO_VIGENTE,https://repodatos.atdt.gob.mx/api_update/profepa/certificados_vigentes_fecha_programa_nacional_auditoria_ambiental/certificados_vigentes_pnaa.csv,2026-08-26
"CFE DISTRIBUCIÓN, GERENCIA JALISCO, ZONA COSTA, SUBESTACIÓN TALPA",Jalisco,,,Calidad Ambiental,2026,CERTIFICADO_VIGENTE,https://repodatos.atdt.gob.mx/api_update/profepa/certificados_vigentes_fecha_programa_nacional_auditoria_ambiental/certificados_vigentes_pnaa.csv,2026-08-26
"CFE DISTRIBUCIÓN, GERENCIA JALISCO, ZONA COSTA, SUBESTACIÓN AUTLÁN",Jalisco,,,Calidad Ambiental,2026,CERTIFICADO_VIGENTE,https://repodatos.atdt.gob.mx/api_update/profepa/certificados_vigentes_fecha_programa_nacional_auditoria_ambiental/certificados_vigentes_pnaa.csv,2026-08-26
"CFE DISTRIBUCIÓN, GERENCIA JALISCO, ZONA VALLARTA, SUBESTACIÓN MUELLE",Jalisco,,,Calidad Ambiental,2026,CERTIFICADO_VIGENTE,https://repodatos.atdt.gob.mx/api_update/profepa/certificados_vigentes_fecha_programa_nacional_auditoria_ambiental/certificados_vigentes_pnaa.csv,2026-08-26
"CFE DISTRIBUCIÓN, GERENCIA JALISCO, ZONA VALLARTA, SUBESTACIÓN TAMARINDOS",Jalisco,,,Calidad Ambiental,2026,CERTIFICADO_VIGENTE,https://repodatos.atdt.gob.mx/api_update/profepa/certificados_vigentes_fecha_programa_nacional_auditoria_ambiental/certificados_vigentes_pnaa.csv,2026-08-26
"CFE DISTRIBUCIÓN, GERENCIA JALISCO, ZONA CHAPALA, SUBESTACIÓN COCULA",Jalisco,,,Calidad Ambiental,2026,CERTIFICADO_VIGENTE,https://repodatos.atdt.gob.mx/api_update/profepa/certificados_vigentes_fecha_programa_nacional_auditoria_ambiental/certificados_vigentes_pnaa.csv,2026-08-26
"CFE DISTRIBUCIÓN, GERENCIA JALISCO, ZONA MINAS, SUBESTACIÓN AMECA",Jalisco,,,Calidad Ambiental,2026,CERTIFICADO_VIGENTE,https://repodatos.atdt.gob.mx/api_update/profepa/certificados_vigentes_fecha_programa_nacional_auditoria_ambiental/certificados_vigentes_pnaa.csv,2026-08-26
"CALIDRA DE OCCIDENTE, S.A. DE C.V. (PLANTA 3, SANTA CRUZ)",Jalisco,,,Industria Limpia,2026,CERTIFICADO_VIGENTE,https://repodatos.atdt.gob.mx/api_update/profepa/certificados_vigentes_fecha_programa_nacional_auditoria_ambiental/certificados_vigentes_pnaa.csv,2026-08-26
"BIO PAPPEL, S.A. DE C.V. (PLANTA TEPATITLÁN)",Jalisco,,,Industria Limpia,2026,CERTIFICADO_VIGENTE,https://repodatos.atdt.gob.mx/api_update/profepa/certificados_vigentes_fecha_programa_nacional_auditoria_ambiental/certificados_vigentes_pnaa.csv,2026-08-26
"INDUSTRIAL PAPELERA MEXICANA, S.A. DE C.V.",Michoacan,,,Industria Limpia,2026,CERTIFICADO_VIGENTE,https://repodatos.atdt.gob.mx/api_update/profepa/certificados_vigentes_fecha_programa_nacional_auditoria_ambiental/certificados_vigentes_pnaa.csv,2026-08-26
"EFFEM MÉXICO INC. Y COMPAĄÍA, S. EN N.C. DE C.V. (MARS MÉXICO PLANTA GUADALAJARA)",Jalisco,,,Industria Limpia,2026,CERTIFICADO_VIGENTE,https://repodatos.atdt.gob.mx/api_update/profepa/certificados_vigentes_fecha_programa_nacional_auditoria_ambiental/certificados_vigentes_pnaa.csv,2026-08-26
"SSA LÁZARO CÁRDENAS, S.A. DE C.V.",Michoacan,,,Calidad Ambiental,2026,CERTIFICADO_VIGENTE,https://repodatos.atdt.gob.mx/api_update/profepa/certificados_vigentes_fecha_programa_nacional_auditoria_ambiental/certificados_vigentes_pnaa.csv,2026-08-26
"CFE DISTRIBUCIÓN, GERENCIA CENTRO OCCIDENTE, ZONA MORELIA, SUBESTACIONES AZUFRES, CAMPESTRE, INDEPENDENCIA, MORELIA DOS, SANTA MARÍA, SANTIAGO UNDAMEO, SANTIAGUITO, TRES MARÍAS, VILLA MADERO, ZINAPÉCUARO.",Michoacan,,,Calidad Ambiental,2026,CERTIFICADO_VIGENTE,https://repodatos.atdt.gob.mx/api_update/profepa/certificados_vigentes_fecha_programa_nacional_auditoria_ambiental/certificados_vigentes_pnaa.csv,2026-08-26
"CFE DISTRIBUCIÓN GERENCIA CENTRO OCCIDENTE, ZONA LA PIEDAD, SUBESTACIONES ZINAPARO Y TANHUATO",Michoacan,,,Calidad Ambiental,2026,CERTIFICADO_VIGENTE,https://repodatos.atdt.gob.mx/api_update/profepa/certificados_vigentes_fecha_programa_nacional_auditoria_ambiental/certificados_vigentes_pnaa.csv,2026-08-26
"CFE DISTRIBUCIÓN, GERENCIA CENTRO OCCIDENTE, ZONA LA PIEDAD, SUBESTACIONES AGAVE, YURECUARO",Jalisco,,,Calidad Ambiental,2026,CERTIFICADO_VIGENTE,https://repodatos.atdt.gob.mx/api_update/profepa/certificados_vigentes_fecha_programa_nacional_auditoria_ambiental/certificados_vigentes_pnaa.csv,2026-08-26
"CFE DISTRIBUCIÓN, GERENCIA CENTRO OCCIDENTE, ZONA ZITÁCUARO, SUBESTACIONES CIUDAD HIDALGO, MONARCA, SAN JUAN ZITÁCURO, TUXPAN, ZITÁCUARO DOS, ZITÁCUARO UNO",Michoacan,,,Calidad Ambiental,2026,CERTIFICADO_VIGENTE,https://repodatos.atdt.gob.mx/api_update/profepa/certificados_vigentes_fecha_programa_nacional_auditoria_ambiental/certificados_vigentes_pnaa.csv,2026-08-26
"CFE DISTRIBUCIÓN, GERENCIA CENTRO OCCIDENTE, ZONA COLIMA, SUBESTACIÓN LA ESTRELLA",Jalisco,,,Calidad Ambiental,2026,CERTIFICADO_VIGENTE,https://repodatos.atdt.gob.mx/api_update/profepa/certificados_vigentes_fecha_programa_nacional_auditoria_ambiental/certificados_vigentes_pnaa.csv,2026-08-26
"EOLICA LOS ALTOS, S.A.P.I. DE C.V., (PARQUE EOLICO LOS ALTOS)",Jalisco,,,Industria Limpia,2027,CERTIFICADO_VIGENTE,https://repodatos.atdt.gob.mx/api_update/profepa/certificados_vigentes_fecha_programa_nacional_auditoria_ambiental/certificados_vigentes_pnaa.csv,2026-08-26
"INGENIO SANTA CLARA, S.A. DE C.V.",Michoacan,,,Industria Limpia,2027,CERTIFICADO_VIGENTE,https://repodatos.atdt.gob.mx/api_update/profepa/certificados_vigentes_fecha_programa_nacional_auditoria_ambiental/certificados_vigentes_pnaa.csv,2026-08-26
"PLÁSTICOS BANDREX, S.A. DE C.V.",Jalisco,,,Industria Limpia,2027,CERTIFICADO_VIGENTE,https://repodatos.atdt.gob.mx/api_update/profepa/certificados_vigentes_fecha_programa_nacional_auditoria_ambiental/certificados_vigentes_pnaa.csv,2026-08-26
"CFE DISTRIBUCIÓN, GERENCIA JALISCO, ZONA CHAPALA, SUBESTACIÓN CATARINA",Jalisco,,,Calidad Ambiental,2027,CERTIFICADO_VIGENTE,https://repodatos.atdt.gob.mx/api_update/profepa/certificados_vigentes_fecha_programa_nacional_auditoria_ambiental/certificados_vigentes_pnaa.csv,2026-08-26
"CFE DISTRIBUCIÓN, GERENCIA JALISCO, ZONA MINAS, SUBESTACIÓN TEQUILA",Jalisco,,,Calidad Ambiental,2027,CERTIFICADO_VIGENTE,https://repodatos.atdt.gob.mx/api_update/profepa/certificados_vigentes_fecha_programa_nacional_auditoria_ambiental/certificados_vigentes_pnaa.csv,2026-08-26
"CFE DISTRIBUCIÓN, GERENCIA JALISCO, ZONA MINAS, SUBESTACIÓN LA VEGA",Jalisco,,,Calidad Ambiental,2027,CERTIFICADO_VIGENTE,https://repodatos.atdt.gob.mx/api_update/profepa/certificados_vigentes_fecha_programa_nacional_auditoria_ambiental/certificados_vigentes_pnaa.csv,2026-08-26
"CFE DISTRIBUCIÓN, GERENCIA JALISCO, ZONA MINAS, SUBESTACIÓN ESTANCITA",Jalisco,,,Calidad Ambiental,2027,CERTIFICADO_VIGENTE,https://repodatos.atdt.gob.mx/api_update/profepa/certificados_vigentes_fecha_programa_nacional_auditoria_ambiental/certificados_vigentes_pnaa.csv,2026-08-26
"CFE DISTRIBUCIÓN, GERENCIA JALISCO, ZONA ZAPOTLÁN SUBESTACIÓN TAMAZULA",Jalisco,,,Calidad Ambiental,2027,CERTIFICADO_VIGENTE,https://repodatos.atdt.gob.mx/api_update/profepa/certificados_vigentes_fecha_programa_nacional_auditoria_ambiental/certificados_vigentes_pnaa.csv,2026-08-26
"CFE DISTRIBUCIÓN, GERENCIA JALISCO, ZONA ZAPOTLÁN SUBESTACIÓN JUAN JOSÉ ARREOLA",Jalisco,,,Calidad Ambiental,2027,CERTIFICADO_VIGENTE,https://repodatos.atdt.gob.mx/api_update/profepa/certificados_vigentes_fecha_programa_nacional_auditoria_ambiental/certificados_vigentes_pnaa.csv,2026-08-26
"CFE DISTRIBUCIÓN, GERENCIA JALISCO, ZONA MINAS, SUBESTACIÓN SERVICIOS LA YESCA",Jalisco,,,Calidad Ambiental,2027,CERTIFICADO_VIGENTE,https://repodatos.atdt.gob.mx/api_update/profepa/certificados_vigentes_fecha_programa_nacional_auditoria_ambiental/certificados_vigentes_pnaa.csv,2026-08-26
"CFE DISTRIBUCIÓN GERENCIA CENTRO OCCIDENTE, ZONA LA PIEDAD, SUBESTACIONES CHURINTZIO, LA PIEDAD PONIENTE, EL SOL, LA PIEDAD Y VISTA HERMOSA",Michoacan,,,Calidad Ambiental,2027,CERTIFICADO_VIGENTE,https://repodatos.atdt.gob.mx/api_update/profepa/certificados_vigentes_fecha_programa_nacional_auditoria_ambiental/certificados_vigentes_pnaa.csv,2026-08-26
"CFE DISTRIBUCIÓN, GERENCIA JALISCO, ZONA CIÉNEGA, SUBESTACIÓN CUITZEO",Jalisco,,,Calidad Ambiental,2027,CERTIFICADO_VIGENTE,https://repodatos.atdt.gob.mx/api_update/profepa/certificados_vigentes_fecha_programa_nacional_auditoria_ambiental/certificados_vigentes_pnaa.csv,2026-08-26
"CFE DISTRIBUCIÓN, GERENCIA JALISCO, ZONA CIÉNEGA, SUBESTACIÓN SAN ANDRÉS",Jalisco,,,Calidad Ambiental,2027,CERTIFICADO_VIGENTE,https://repodatos.atdt.gob.mx/api_update/profepa/certificados_vigentes_fecha_programa_nacional_auditoria_ambiental/certificados_vigentes_pnaa.csv,2026-08-26
"CFE DISTRIBUCIÓN, GERENCIA JALISCO, ZONA CHAPALA, SUBESTACIÓN CENTRO LOGÍSTICO JALISCO",Jalisco,,,Calidad Ambiental,2027,CERTIFICADO_VIGENTE,https://repodatos.atdt.gob.mx/api_update/profepa/certificados_vigentes_fecha_programa_nacional_auditoria_ambiental/certificados_vigentes_pnaa.csv,2026-08-26
"CFE DISTRIBUCIÓN, GERENCIA JALISCO, ZONA METROPOLITANA JUÁREZ, SUBESTACIÓN SAN AGUSTÍN",Jalisco,,,Calidad Ambiental,2027,CERTIFICADO_VIGENTE,https://repodatos.atdt.gob.mx/api_update/profepa/certificados_vigentes_fecha_programa_nacional_auditoria_ambiental/certificados_vigentes_pnaa.csv,2026-08-26
"CFE DISTRIBUCIÓN, GERENCIA JALISCO, ZONA METROPOLITANA JUÁREZ, SUBESTACIÓN HIGUERILLAS",Jalisco,,,Calidad Ambiental,2027,CERTIFICADO_VIGENTE,https://repodatos.atdt.gob.mx/api_update/profepa/certificados_vigentes_fecha_programa_nacional_auditoria_ambiental/certificados_vigentes_pnaa.csv,2026-08-26
"CFE DISTRIBUCIÓN, GERENCIA JALISCO, ZONA METROPOLITANA JUÁREZ, SUBESTACIÓN FRESNO",Jalisco,,,Calidad Ambiental,2027,CERTIFICADO_VIGENTE,https://repodatos.atdt.gob.mx/api_update/profepa/certificados_vigentes_fecha_programa_nacional_auditoria_ambiental/certificados_vigentes_pnaa.csv,2026-08-26
"CFE DISTRIBUCIÓN, GERENCIA CENTRO OCCIDENTE, ZONA LA PIEDAD, SUBESTACIONES ARANDAS, ATOTONILCO, AYOTLÁN, JESÚS MARÍA",Jalisco,,,Calidad Ambiental,2027,CERTIFICADO_VIGENTE,https://repodatos.atdt.gob.mx/api_update/profepa/certificados_vigentes_fecha_programa_nacional_auditoria_ambiental/certificados_vigentes_pnaa.csv,2026-08-26
"CFE DISTRIBUCIÓN, GERENCIA JALISCO, ZONA CHAPALA, SUBESTACIÓN CASTILLO",Jalisco,,,Calidad Ambiental,2027,CERTIFICADO_VIGENTE,https://repodatos.atdt.gob.mx/api_update/profepa/certificados_vigentes_fecha_programa_nacional_auditoria_ambiental/certificados_vigentes_pnaa.csv,2026-08-26
"CFE DISTRIBUCIÓN, GERENCIA JALISCO, ZONA CHAPALA, SUBESTACIÓN SANTA CRUZ",Jalisco,,,Calidad Ambiental,2027,CERTIFICADO_VIGENTE,https://repodatos.atdt.gob.mx/api_update/profepa/certificados_vigentes_fecha_programa_nacional_auditoria_ambiental/certificados_vigentes_pnaa.csv,2026-08-26
"CFE DISTRIBUCIÓN, GERENCIA JALISCO, ZONA CHAPALA, SUBESTACIÓN JOCOTEPEC",Jalisco,,,Calidad Ambiental,2027,CERTIFICADO_VIGENTE,https://repodatos.atdt.gob.mx/api_update/profepa/certificados_vigentes_fecha_programa_nacional_auditoria_ambiental/certificados_vigentes_pnaa.csv,2026-08-26
"CFE DISTRIBUCIÓN, GERENCIA JALISCO, ZONA CIÉNEGA, SUBESTACIÓN PONCITLÁN",Jalisco,,,Calidad Ambiental,2027,CERTIFICADO_VIGENTE,https://repodatos.atdt.gob.mx/api_update/profepa/certificados_vigentes_fecha_programa_nacional_auditoria_ambiental/certificados_vigentes_pnaa.csv,2026-08-26
"CFE DISTRIBUCIÓN, GERENCIA JALISCO, ZONA ALTOS, SUBESTACIÓN TEPATITLÁN",Jalisco,,,Calidad Ambiental,2027,CERTIFICADO_VIGENTE,https://repodatos.atdt.gob.mx/api_update/profepa/certificados_vigentes_fecha_programa_nacional_auditoria_ambiental/certificados_vigentes_pnaa.csv,2026-08-26
"CFE DISTRIBUCIÓN, GERENCIA CENTRO OCCIDENTE, ZONA LA PIEDAD, SUBESTACIÓN YERBABUENA",Jalisco,,,Calidad Ambiental,2027,CERTIFICADO_VIGENTE,https://repodatos.atdt.gob.mx/api_update/profepa/certificados_vigentes_fecha_programa_nacional_auditoria_ambiental/certificados_vigentes_pnaa.csv,2026-08-26
"INFRAESTRUCTURA PORTUARIA DEL GOLFO, S.A. DE C.V.",Michoacan,,,Calidad Ambiental,2027,CERTIFICADO_VIGENTE,https://repodatos.atdt.gob.mx/api_update/profepa/certificados_vigentes_fecha_programa_nacional_auditoria_ambiental/certificados_vigentes_pnaa.csv,2026-08-26
"CFE DISTRIBUCIÓN, GERENCIA JALISCO, ZONA COSTA, SUBESTACIÓN TECOLOTLÁN",Jalisco,,,Calidad Ambiental,2027,CERTIFICADO_VIGENTE,https://repodatos.atdt.gob.mx/api_update/profepa/certificados_vigentes_fecha_programa_nacional_auditoria_ambiental/certificados_vigentes_pnaa.csv,2026-08-26
"CFE DISTRIBUCIÓN, GERENCIA JALISCO, ZONA COSTA, SUBESTACIÓN SAN CLEMENTE",Jalisco,,,Calidad Ambiental,2027,CERTIFICADO_VIGENTE,https://repodatos.atdt.gob.mx/api_update/profepa/certificados_vigentes_fecha_programa_nacional_auditoria_ambiental/certificados_vigentes_pnaa.csv,2026-08-26
"CFE DISTRIBUCIÓN, GERENCIA DIVISIONAL DE DISTRIBUCIÓN JALISCO, ZONA METROPOLITANA JUÁREZ, SUBESTACIÓN ELÉCTRICA LAS PINTAS",Jalisco,,,Calidad Ambiental,2027,CERTIFICADO_VIGENTE,https://repodatos.atdt.gob.mx/api_update/profepa/certificados_vigentes_fecha_programa_nacional_auditoria_ambiental/certificados_vigentes_pnaa.csv,2026-08-26
"CFE DISTRIBUCIÓN, GERENCIA JALISCO, ZONA VALLARTA, SUBESTACIÓN PITILLAL",Jalisco,,,Calidad Ambiental,2027,CERTIFICADO_VIGENTE,https://repodatos.atdt.gob.mx/api_update/profepa/certificados_vigentes_fecha_programa_nacional_auditoria_ambiental/certificados_vigentes_pnaa.csv,2026-08-26
"COMERCIALIZADORA DE LÁCTEOS Y DERIVADOS, S.A. DE C.V. (PLANTA LALA GUADALAJARA)",Jalisco,,,Industria Limpia,2027,CERTIFICADO_VIGENTE,https://repodatos.atdt.gob.mx/api_update/profepa/certificados_vigentes_fecha_programa_nacional_auditoria_ambiental/certificados_vigentes_pnaa.csv,2026-08-26
"CFE DISTRIBUCIÓN, GERENCIA CENTRO OCCIDENTE, ZONA ZAMORA, SUBESTACIONES LINDA VISTA Y PUERTA GRANDE",Michoacan,,,Calidad Ambiental,2027,CERTIFICADO_VIGENTE,https://repodatos.atdt.gob.mx/api_update/profepa/certificados_vigentes_fecha_programa_nacional_auditoria_ambiental/certificados_vigentes_pnaa.csv,2026-08-26
"PANOVO ALIMENTARIA, S. DE R.L. DE C.V.",Jalisco,,,Industria Limpia,2027,CERTIFICADO_VIGENTE,https://repodatos.atdt.gob.mx/api_update/profepa/certificados_vigentes_fecha_programa_nacional_auditoria_ambiental/certificados_vigentes_pnaa.csv,2026-08-26
"POSEIDON SHIP S SUPPLIER, S.A. DE C.V.",Michoacan,,,Calidad Ambiental,2027,CERTIFICADO_VIGENTE,https://repodatos.atdt.gob.mx/api_update/profepa/certificados_vigentes_fecha_programa_nacional_auditoria_ambiental/certificados_vigentes_pnaa.csv,2026-08-26
"CFE DISTRIBUCIÓN, GERENCIA CENTRO OCCIDENTE, ZONA MORELIA, SUBESTACIÓN QUINCEO",Michoacan,,,Calidad Ambiental,2027,CERTIFICADO_VIGENTE,https://repodatos.atdt.gob.mx/api_update/profepa/certificados_vigentes_fecha_programa_nacional_auditoria_ambiental/certificados_vigentes_pnaa.csv,2026-08-26
"PROTEÍNA ANIMAL, S.A. DE C.V. (CEPRO CENTRO DE PROCESAMIENTO)",Jalisco,,,Industria Limpia,2027,CERTIFICADO_VIGENTE,https://repodatos.atdt.gob.mx/api_update/profepa/certificados_vigentes_fecha_programa_nacional_auditoria_ambiental/certificados_vigentes_pnaa.csv,2026-08-26
"CFE DISTRIBUCIÓN, GERENCIA CENTRO SUR, ZONA ATLACOMULCO, SUBESTACIÓN SAN FRANCISCO DE LOS REYES",Michoacan,,,Calidad Ambiental,2027,CERTIFICADO_VIGENTE,https://repodatos.atdt.gob.mx/api_update/profepa/certificados_vigentes_fecha_programa_nacional_auditoria_ambiental/certificados_vigentes_pnaa.csv,2026-08-26
"INGENIO SAN FRANCISCO AMECA, S.A. DE C.V.",Jalisco,,,Industria Limpia,2027,CERTIFICADO_VIGENTE,https://repodatos.atdt.gob.mx/api_update/profepa/certificados_vigentes_fecha_programa_nacional_auditoria_ambiental/certificados_vigentes_pnaa.csv,2026-08-26
"MÁS LIMPIO, S.A. DE C.V.",Jalisco,,,Calidad Ambiental,2027,CERTIFICADO_VIGENTE,https://repodatos.atdt.gob.mx/api_update/profepa/certificados_vigentes_fecha_programa_nacional_auditoria_ambiental/certificados_vigentes_pnaa.csv,2026-08-26
"OMNILIFE MANUFACTURA, S.A. DE C.V.",Jalisco,,,Industria Limpia,2027,CERTIFICADO_VIGENTE,https://repodatos.atdt.gob.mx/api_update/profepa/certificados_vigentes_fecha_programa_nacional_auditoria_ambiental/certificados_vigentes_pnaa.csv,2026-08-26
"ENVASES UNIVERSALES DE MÉXICO, S.A.P.I. DE C.V. PLANTA MORELIA",Michoacan,,,Industria Limpia,2027,CERTIFICADO_VIGENTE,https://repodatos.atdt.gob.mx/api_update/profepa/certificados_vigentes_fecha_programa_nacional_auditoria_ambiental/certificados_vigentes_pnaa.csv,2026-08-26
"CERVECERÍA CUAUHTÉMOC MOCTEZUMA, S.A. DE C.V. GUADALAJARA",Jalisco,,,Industria Limpia,2027,CERTIFICADO_VIGENTE,https://repodatos.atdt.gob.mx/api_update/profepa/certificados_vigentes_fecha_programa_nacional_auditoria_ambiental/certificados_vigentes_pnaa.csv,2026-08-26
"PROTEÍNA ANIMAL, S.A. DE C.V. (MOLDEADORA)",Jalisco,,,Industria Limpia,2027,CERTIFICADO_VIGENTE,https://repodatos.atdt.gob.mx/api_update/profepa/certificados_vigentes_fecha_programa_nacional_auditoria_ambiental/certificados_vigentes_pnaa.csv,2026-08-26
"PROTEÍNA ANIMAL, S.A. DE C.V. (CORRUGADOS)",Jalisco,,,Industria Limpia,2027,CERTIFICADO_VIGENTE,https://repodatos.atdt.gob.mx/api_update/profepa/certificados_vigentes_fecha_programa_nacional_auditoria_ambiental/certificados_vigentes_pnaa.csv,2026-08-26
"PROTEÍNA ANIMAL, S.A. DE C.V. (TERMOFORMADOS)",Jalisco,,,Industria Limpia,2027,CERTIFICADO_VIGENTE,https://repodatos.atdt.gob.mx/api_update/profepa/certificados_vigentes_fecha_programa_nacional_auditoria_ambiental/certificados_vigentes_pnaa.csv,2026-08-26
"PROTEÍNA ANIMAL, S.A. DE C.V. (PLANTA DE ALIMENTOS)",Jalisco,,,Industria Limpia,2027,CERTIFICADO_VIGENTE,https://repodatos.atdt.gob.mx/api_update/profepa/certificados_vigentes_fecha_programa_nacional_auditoria_ambiental/certificados_vigentes_pnaa.csv,2026-08-26
"PROTEÍNA ANIMAL, S.A. DE C.V. (ADMINISTRACIÓN AMBIENTAL)",Jalisco,,,Calidad Ambiental,2027,CERTIFICADO_VIGENTE,https://repodatos.atdt.gob.mx/api_update/profepa/certificados_vigentes_fecha_programa_nacional_auditoria_ambiental/certificados_vigentes_pnaa.csv,2026-08-26
"CFE DISTRIBUCIÓN, GERENCIA CENTRO OCCIDENTE, ZONA JIQUILPAN, SUBESTACIONES JIQUILPAN, SAHUAYO, SAN JOSÉ DE GRACIA, VENUSTIANO CARRANZA.",Michoacan,,,Calidad Ambiental,2027,CERTIFICADO_VIGENTE,https://repodatos.atdt.gob.mx/api_update/profepa/certificados_vigentes_fecha_programa_nacional_auditoria_ambiental/certificados_vigentes_pnaa.csv,2026-08-26
"CFE DISTRIBUCIÓN, GERENCIA CENTRO OCCIDENTE, ZONA ZACAPU SUBESTACIONES ANGAMACUTIRO DOS, PURÚANDIRO, VILLA JIMÉNEZ Y ZACAPU",Michoacan,,,Calidad Ambiental,2027,CERTIFICADO_VIGENTE,https://repodatos.atdt.gob.mx/api_update/profepa/certificados_vigentes_fecha_programa_nacional_auditoria_ambiental/certificados_vigentes_pnaa.csv,2026-08-26
TRIBUNAL ELECTORAL DEL PODER JUDICIAL DE LA FEDERACIÓN (SALA REGIONAL GUADALAJARA),Jalisco,,,Calidad Ambiental,2027,CERTIFICADO_VIGENTE,https://repodatos.atdt.gob.mx/api_update/profepa/certificados_vigentes_fecha_programa_nacional_auditoria_ambiental/certificados_vigentes_pnaa.csv,2026-08-26
"CFE DISTRIBUCIÓN, GERENCIA CENTRO OCCIDENTE, ZONA APATZINGÁN, SUBESTACIONES ANTÚNEZ, APATZINGÁN, INGUARÁN, LA HUACANA, LOMBARDIA, NUEVA ITALIA, PRADERA, TEPALCATEPEC, VALLE VERDE.",Michoacan,,,Calidad Ambiental,2027,CERTIFICADO_VIGENTE,https://repodatos.atdt.gob.mx/api_update/profepa/certificados_vigentes_fecha_programa_nacional_auditoria_ambiental/certificados_vigentes_pnaa.csv,2026-08-26
"CFE DISTRIBUCIÓN, GERENCIA CENTRO OCCIDENTE, ZONA URUAPAN, SUBESTACIONES CHARAPÁN, CONDEMBARO, LA ESPERANZA, MIRADOR, PARACHO DOS, TARETÁN, URUAPAN TRES.",Michoacan,,,Calidad Ambiental,2027,CERTIFICADO_VIGENTE,https://repodatos.atdt.gob.mx/api_update/profepa/certificados_vigentes_fecha_programa_nacional_auditoria_ambiental/certificados_vigentes_pnaa.csv,2026-08-26
"CFE DISTRIBUCIÓN, GERENCIA CENTRO OCCIDENTE, ZONA APATZINGÁN, SUBESTACIONES COALCOMÁN, CRUCERO, DESCANSADERO, PINZÁNDARO.",Michoacan,,,Calidad Ambiental,2027,CERTIFICADO_VIGENTE,https://repodatos.atdt.gob.mx/api_update/profepa/certificados_vigentes_fecha_programa_nacional_auditoria_ambiental/certificados_vigentes_pnaa.csv,2026-08-26
"ASOCIACIÓN ESTRATÉGICA AMBIENTAL Y LABORAL, S.A. DE C.V. (OSCAR CONSULTORES)",Jalisco,,,Calidad Ambiental,2027,CERTIFICADO_VIGENTE,https://repodatos.atdt.gob.mx/api_update/profepa/certificados_vigentes_fecha_programa_nacional_auditoria_ambiental/certificados_vigentes_pnaa.csv,2026-08-26
"RESINAS SINTÉTICAS, S.A. DE C.V.",Michoacan,,,Industria Limpia,2027,CERTIFICADO_VIGENTE,https://repodatos.atdt.gob.mx/api_update/profepa/certificados_vigentes_fecha_programa_nacional_auditoria_ambiental/certificados_vigentes_pnaa.csv,2026-08-26
"AEROPUERTO DE MORELIA, S.A. DE C.V.",Michoacan,,,Calidad Ambiental,2027,CERTIFICADO_VIGENTE,https://repodatos.atdt.gob.mx/api_update/profepa/certificados_vigentes_fecha_programa_nacional_auditoria_ambiental/certificados_vigentes_pnaa.csv,2026-08-26
"CORPORACIÓN DEL BALSAS, S.A. DE C.V. (MUELLE DE METALES Y MINERALES)",Michoacan,,,Calidad Ambiental,2027,CERTIFICADO_VIGENTE,https://repodatos.atdt.gob.mx/api_update/profepa/certificados_vigentes_fecha_programa_nacional_auditoria_ambiental/certificados_vigentes_pnaa.csv,2026-08-26
"CFE DISTRIBUCIÓN, GERENCIA CENTRO OCCIDENTE, ZONA MORELIA, SUBESTACIONES TARIMBARO, CUITZEO, MORELOS, MORELIA NORTE, AEROPUERTO, ABASTOS, MORELIA INDUSTRIAL, PEDREGAL, CUITZILLOS Y TRIGUILLOS",Michoacan,,,Calidad Ambiental,2027,CERTIFICADO_VIGENTE,https://repodatos.atdt.gob.mx/api_update/profepa/certificados_vigentes_fecha_programa_nacional_auditoria_ambiental/certificados_vigentes_pnaa.csv,2026-08-26
"CFE DISTRIBUCIÓN, GERENCIA CENTRO OCCIDENTE, ZONA ZAMORA, SUBESTACIONES ARBOLEDAS, GUASCUARO, IXTLÁN, JACONA, PERIBÁN, PURÉPERO, ZAMORA",Michoacan,,,Calidad Ambiental,2027,CERTIFICADO_VIGENTE,https://repodatos.atdt.gob.mx/api_update/profepa/certificados_vigentes_fecha_programa_nacional_auditoria_ambiental/certificados_vigentes_pnaa.csv,2026-08-26
"BEBIDAS MUNDIALES, S. DE R.L. DE C.V. PLANTA LA FAVORITA",Jalisco,,,Industria Limpia,2027,CERTIFICADO_VIGENTE,https://repodatos.atdt.gob.mx/api_update/profepa/certificados_vigentes_fecha_programa_nacional_auditoria_ambiental/certificados_vigentes_pnaa.csv,2026-08-26
"CFE GENERACIÓN I EPS, CENTRAL HIDROELÉCTRICA INFIERNILLO",Michoacan,,,Industria Limpia,2027,CERTIFICADO_VIGENTE,https://repodatos.atdt.gob.mx/api_update/profepa/certificados_vigentes_fecha_programa_nacional_auditoria_ambiental/certificados_vigentes_pnaa.csv,2026-08-26
"COMERCIALIZADORA DE LÁCTEOS Y DERIVADOS, S.A. DE C.V. (PLANTA LALA GUADALAJARA)",Jalisco,,,Industria Limpia,,CERTIFICADO_EMITIDO_EN_EL_ANIO,https://repodatos.atdt.gob.mx/api_update/profepa/certificados_emitidos_programa_nacional_auditoria_ambiental/certificados_emitidos_pnaa.csv,2026-08-26
"CFE DISTRIBUCIÓN, GERENCIA CENTRO OCCIDENTE, ZONA ZAMORA, SUBESTACIONES LINDA VISTA Y PUERTA GRANDE",Michoacan,,,Calidad Ambiental,,CERTIFICADO_EMITIDO_EN_EL_ANIO,https://repodatos.atdt.gob.mx/api_update/profepa/certificados_emitidos_programa_nacional_auditoria_ambiental/certificados_emitidos_pnaa.csv,2026-08-26
"PANOVO ALIMENTARIA, S. DE R.L. DE C.V.",Jalisco,,,Industria Limpia,,CERTIFICADO_EMITIDO_EN_EL_ANIO,https://repodatos.atdt.gob.mx/api_update/profepa/certificados_emitidos_programa_nacional_auditoria_ambiental/certificados_emitidos_pnaa.csv,2026-08-26
"POSEIDON SHIP S SUPPLIER, S.A. DE C.V.",Michoacan,,,Calidad Ambiental,,CERTIFICADO_EMITIDO_EN_EL_ANIO,https://repodatos.atdt.gob.mx/api_update/profepa/certificados_emitidos_programa_nacional_auditoria_ambiental/certificados_emitidos_pnaa.csv,2026-08-26
"CFE DISTRIBUCIÓN, GERENCIA CENTRO OCCIDENTE, ZONA MORELIA, SUBESTACIÓN QUINCEO",Michoacan,,,Calidad Ambiental,,CERTIFICADO_EMITIDO_EN_EL_ANIO,https://repodatos.atdt.gob.mx/api_update/profepa/certificados_emitidos_programa_nacional_auditoria_ambiental/certificados_emitidos_pnaa.csv,2026-08-26
"CFE DISTRIBUCIÓN, GERENCIA CENTRO SUR, ZONA ATLACOMULCO, SUBESTACIÓN SAN FRANCISCO DE LOS REYES",Michoacan,,,Calidad Ambiental,,CERTIFICADO_EMITIDO_EN_EL_ANIO,https://repodatos.atdt.gob.mx/api_update/profepa/certificados_emitidos_programa_nacional_auditoria_ambiental/certificados_emitidos_pnaa.csv,2026-08-26
"PROTEÍNA ANIMAL, S.A. DE C.V. (CEPRO CENTRO DE PROCESAMIENTO)",Jalisco,,,Industria Limpia,,CERTIFICADO_EMITIDO_EN_EL_ANIO,https://repodatos.atdt.gob.mx/api_update/profepa/certificados_emitidos_programa_nacional_auditoria_ambiental/certificados_emitidos_pnaa.csv,2026-08-26
"INGENIO SAN FRANCISCO AMECA, S.A. DE C.V.",Jalisco,,,Industria Limpia,,CERTIFICADO_EMITIDO_EN_EL_ANIO,https://repodatos.atdt.gob.mx/api_update/profepa/certificados_emitidos_programa_nacional_auditoria_ambiental/certificados_emitidos_pnaa.csv,2026-08-26
"MÁS LIMPIO, S.A. DE C.V.",Jalisco,,,Calidad Ambiental,,CERTIFICADO_EMITIDO_EN_EL_ANIO,https://repodatos.atdt.gob.mx/api_update/profepa/certificados_emitidos_programa_nacional_auditoria_ambiental/certificados_emitidos_pnaa.csv,2026-08-26
"OMNILIFE MANUFACTURA, S.A. DE C.V.",Jalisco,,,Industria Limpia,,CERTIFICADO_EMITIDO_EN_EL_ANIO,https://repodatos.atdt.gob.mx/api_update/profepa/certificados_emitidos_programa_nacional_auditoria_ambiental/certificados_emitidos_pnaa.csv,2026-08-26
"ENVASES UNIVERSALES DE MÉXICO, S.A.P.I. DE C.V. PLANTA MORELIA",Michoacan,,,Industria Limpia,,CERTIFICADO_EMITIDO_EN_EL_ANIO,https://repodatos.atdt.gob.mx/api_update/profepa/certificados_emitidos_programa_nacional_auditoria_ambiental/certificados_emitidos_pnaa.csv,2026-08-26
"CERVECERÍA CUAUHTÉMOC MOCTEZUMA, S.A. DE C.V. GUADALAJARA",Jalisco,,,Industria Limpia,,CERTIFICADO_EMITIDO_EN_EL_ANIO,https://repodatos.atdt.gob.mx/api_update/profepa/certificados_emitidos_programa_nacional_auditoria_ambiental/certificados_emitidos_pnaa.csv,2026-08-26
"PROTEÍNA ANIMAL, S.A. DE C.V. (MOLDEADORA)",Jalisco,,,Industria Limpia,,CERTIFICADO_EMITIDO_EN_EL_ANIO,https://repodatos.atdt.gob.mx/api_update/profepa/certificados_emitidos_programa_nacional_auditoria_ambiental/certificados_emitidos_pnaa.csv,2026-08-26
"PROTEÍNA ANIMAL, S.A. DE C.V. (CORRUGADOS)",Jalisco,,,Industria Limpia,,CERTIFICADO_EMITIDO_EN_EL_ANIO,https://repodatos.atdt.gob.mx/api_update/profepa/certificados_emitidos_programa_nacional_auditoria_ambiental/certificados_emitidos_pnaa.csv,2026-08-26
"PROTEÍNA ANIMAL, S.A. DE C.V. (ADMINISTRACIÓN AMBIENTAL)",Jalisco,,,Calidad Ambiental,,CERTIFICADO_EMITIDO_EN_EL_ANIO,https://repodatos.atdt.gob.mx/api_update/profepa/certificados_emitidos_programa_nacional_auditoria_ambiental/certificados_emitidos_pnaa.csv,2026-08-26
"PROTEÍNA ANIMAL, S.A. DE C.V. (TERMOFORMADOS)",Jalisco,,,Industria Limpia,,CERTIFICADO_EMITIDO_EN_EL_ANIO,https://repodatos.atdt.gob.mx/api_update/profepa/certificados_emitidos_programa_nacional_auditoria_ambiental/certificados_emitidos_pnaa.csv,2026-08-26
"PROTEÍNA ANIMAL, S.A. DE C.V. (PLANTA DE ALIMENTOS)",Jalisco,,,Industria Limpia,,CERTIFICADO_EMITIDO_EN_EL_ANIO,https://repodatos.atdt.gob.mx/api_update/profepa/certificados_emitidos_programa_nacional_auditoria_ambiental/certificados_emitidos_pnaa.csv,2026-08-26
"CFE DISTRIBUCIÓN, GERENCIA CENTRO OCCIDENTE, ZONA JIQUILPAN, SUBESTACIONES JIQUILPAN, SAHUAYO, SAN JOSÉ DE GRACIA, VENUSTIANO CARRANZA.",Michoacan,,,Calidad Ambiental,,CERTIFICADO_EMITIDO_EN_EL_ANIO,https://repodatos.atdt.gob.mx/api_update/profepa/certificados_emitidos_programa_nacional_auditoria_ambiental/certificados_emitidos_pnaa.csv,2026-08-26
"CFE DISTRIBUCIÓN, GERENCIA CENTRO OCCIDENTE, ZONA ZACAPU SUBESTACIONES ANGAMACUTIRO DOS, PURÚANDIRO, VILLA JIMÉNEZ Y ZACAPU",Michoacan,,,Calidad Ambiental,,CERTIFICADO_EMITIDO_EN_EL_ANIO,https://repodatos.atdt.gob.mx/api_update/profepa/certificados_emitidos_programa_nacional_auditoria_ambiental/certificados_emitidos_pnaa.csv,2026-08-26
TRIBUNAL ELECTORAL DEL PODER JUDICIAL DE LA FEDERACIÓN (SALA REGIONAL GUADALAJARA),Jalisco,,,Calidad Ambiental,,CERTIFICADO_EMITIDO_EN_EL_ANIO,https://repodatos.atdt.gob.mx/api_update/profepa/certificados_emitidos_programa_nacional_auditoria_ambiental/certificados_emitidos_pnaa.csv,2026-08-26
"CFE DISTRIBUCIÓN, GERENCIA CENTRO OCCIDENTE, ZONA APATZINGÁN, SUBESTACIONES COALCOMÁN, CRUCERO, DESCANSADERO, PINZÁNDARO.",Michoacan,,,Calidad Ambiental,,CERTIFICADO_EMITIDO_EN_EL_ANIO,https://repodatos.atdt.gob.mx/api_update/profepa/certificados_emitidos_programa_nacional_auditoria_ambiental/certificados_emitidos_pnaa.csv,2026-08-26
"CFE DISTRIBUCIÓN, GERENCIA CENTRO OCCIDENTE, ZONA APATZINGÁN, SUBESTACIONES ANTÚNEZ, APATZINGÁN, INGUARÁN, LA HUACANA, LOMBARDIA, NUEVA ITALIA, PRADERA, TEPALCATEPEC, VALLE VERDE.",Michoacan,,,Calidad Ambiental,,CERTIFICADO_EMITIDO_EN_EL_ANIO,https://repodatos.atdt.gob.mx/api_update/profepa/certificados_emitidos_programa_nacional_auditoria_ambiental/certificados_emitidos_pnaa.csv,2026-08-26
"CFE DISTRIBUCIÓN, GERENCIA CENTRO OCCIDENTE, ZONA URUAPAN, SUBESTACIONES CHARAPÁN, CONDEMBARO, LA ESPERANZA, MIRADOR, PARACHO DOS, TARETÁN, URUAPAN TRES.",Michoacan,,,Calidad Ambiental,,CERTIFICADO_EMITIDO_EN_EL_ANIO,https://repodatos.atdt.gob.mx/api_update/profepa/certificados_emitidos_programa_nacional_auditoria_ambiental/certificados_emitidos_pnaa.csv,2026-08-26
"RESINAS SINTÉTICAS, S.A. DE C.V.",Michoacan,,,Industria Limpia,,CERTIFICADO_EMITIDO_EN_EL_ANIO,https://repodatos.atdt.gob.mx/api_update/profepa/certificados_emitidos_programa_nacional_auditoria_ambiental/certificados_emitidos_pnaa.csv,2026-08-26
"ASOCIACIÓN ESTRATÉGICA AMBIENTAL Y LABORAL, S.A. DE C.V. (OSCAR CONSULTORES)",Jalisco,,,Calidad Ambiental,,CERTIFICADO_EMITIDO_EN_EL_ANIO,https://repodatos.atdt.gob.mx/api_update/profepa/certificados_emitidos_programa_nacional_auditoria_ambiental/certificados_emitidos_pnaa.csv,2026-08-26
"AEROPUERTO DE MORELIA, S.A. DE C.V.",Michoacan,,,Calidad Ambiental,,CERTIFICADO_EMITIDO_EN_EL_ANIO,https://repodatos.atdt.gob.mx/api_update/profepa/certificados_emitidos_programa_nacional_auditoria_ambiental/certificados_emitidos_pnaa.csv,2026-08-26
"CORPORACIÓN DEL BALSAS, S.A. DE C.V. (MUELLE DE METALES Y MINERALES)",Michoacan,,,Calidad Ambiental,,CERTIFICADO_EMITIDO_EN_EL_ANIO,https://repodatos.atdt.gob.mx/api_update/profepa/certificados_emitidos_programa_nacional_auditoria_ambiental/certificados_emitidos_pnaa.csv,2026-08-26
"CFE DISTRIBUCIÓN, GERENCIA CENTRO OCCIDENTE, ZONA MORELIA, SUBESTACIONES TARIMBARO, CUITZEO, MORELOS, MORELIA NORTE, AEROPUERTO, ABASTOS, MORELIA INDUSTRIAL, PEDREGAL, CUITZILLOS Y TRIGUILLOS",Michoacan,,,Calidad Ambiental,,CERTIFICADO_EMITIDO_EN_EL_ANIO,https://repodatos.atdt.gob.mx/api_update/profepa/certificados_emitidos_programa_nacional_auditoria_ambiental/certificados_emitidos_pnaa.csv,2026-08-26
"CFE DISTRIBUCIÓN, GERENCIA CENTRO OCCIDENTE, ZONA ZAMORA, SUBESTACIONES ARBOLEDAS, GUASCUARO, IXTLÁN, JACONA, PERIBÁN, PURÉPERO, ZAMORA",Michoacan,,,Calidad Ambiental,,CERTIFICADO_EMITIDO_EN_EL_ANIO,https://repodatos.atdt.gob.mx/api_update/profepa/certificados_emitidos_programa_nacional_auditoria_ambiental/certificados_emitidos_pnaa.csv,2026-08-26
"BEBIDAS MUNDIALES, S. DE R.L. DE C.V. PLANTA LA FAVORITA",Jalisco,,,Industria Limpia,,CERTIFICADO_EMITIDO_EN_EL_ANIO,https://repodatos.atdt.gob.mx/api_update/profepa/certificados_emitidos_programa_nacional_auditoria_ambiental/certificados_emitidos_pnaa.csv,2026-08-26
"CFE GENERACIÓN I EPS, CENTRAL HIDROELÉCTRICA INFIERNILLO",Michoacan,,,Industria Limpia,,CERTIFICADO_EMITIDO_EN_EL_ANIO,https://repodatos.atdt.gob.mx/api_update/profepa/certificados_emitidos_programa_nacional_auditoria_ambiental/certificados_emitidos_pnaa.csv,2026-08-26
