no,nombre_instalacion,estado,tipo_certificado
1,"ALEN DEL NORTE, S.A. DE C.V. (PLANTA I)",Puebla,Industria Limpia
2,"REFACCIONARIA ROCA, S.A. DE C.V. (CENTRO DE SERVICIO JESUS MARIA)",Aguascalientes,Calidad Ambiental
3,"ELÉCTRICA DEL VALLE DE MÉXICO, S. DE R.L. DE C.V. (PARQUE EÓLICO LA MATA LA VENTOSA)",Oaxaca,Industria Limpia
4,"AUTOMAYA, S.A. DE C.V. (SUC. VALLADOLID)",Yucatan,Calidad Ambiental
5,"COMERCIALIZADORA DE LÁCTEOS Y DERIVADOS, S.A. DE C.V. (PLANTA LALA GUADALAJARA)",Jalisco,Industria Limpia
6,"PLASTIREY, S.A. DE C.V.",Nuevo León,Industria Limpia
7,"PROPIMEX, S. DE R.L. DE C.V. (DISTRIBUIDORA ESCUINTLA)",Chiapas,Calidad Ambiental
8,"PROPIMEX, S. DE R.L. DE C.V. (DISTRIBUIDORA VILLAFLORES)",Chiapas,Calidad Ambiental
9,"CFE DISTRIBUCIÓN, GERENCIA NOROESTE, ZONA CABORCA, SUBESTACIONES ARROYO SECO Y BIZANI",Sonora,Calidad Ambiental
10,"CFE GENERACIÓN III EPS, (CENTRAL TURBO GAS CABORCA)",Sonora,Industria Limpia
11,"CFE DISTRIBUCIÓN, GERENCIA PENINSULAR, ZONA MÉRIDA, SUBESTACIÓN KANASIN POTENCIA",Yucatan,Calidad Ambiental
12,"ADMINISTRACIÓN DEL SISTEMA PORTUARIO NACIONAL ENSENADA, S.A. DE C.V.",Baja California,Calidad Ambiental
13,"CFE DISTRIBUCIÓN, GERENCIA BAJÍO, ZONA SAN JUAN DEL RIO, SUBESTACIONES LA MANSIÓN, SAN JUAN DEL RIO ORIENTE Y TEQUISQUIAPAN II",Queretaro,Calidad Ambiental
14,"INDUSTRIAS JOHN DEERE, S. DE R.L. DE C.V. (PLANTA LOADERS)",Coahuila,Industria Limpia
15,"IBERDROLA ENERGÍA TAMAZUNCHALE, S.A. DE C.V.",San Luis Potosi,Industria Limpia
16,"CFE DISTRIBUCIÓN, GERENCIA BAJÍO, ZONA SAN JUAN DEL RÍO, SUBESTACIÓN VIZARRÓN",Queretaro,Calidad Ambiental
17,CFE. GENERACIÓN VI CENTRAL TURBO GAS CARMEN,Campeche,Industria Limpia
18,"TELÉFONOS DE MÉXICO, S.A.B. DE C.V., CENTRAL TELEFÓNICA CONDESA",Distrito Federal,Calidad Ambiental
19,"TELÉFONOS DE MÉXICO, S.A.B. DE C.V., CENTRAL TELEFÓNICA IZTACALCO",Distrito Federal,Calidad Ambiental
20,"TELÉFONOS DE MÉXICO, S.A.B. DE C.V., CENTRO OPERATIVO NEXTENGO",Distrito Federal,Calidad Ambiental
21,"TELÉFONOS DE MÉXICO, S.A.B. DE C.V., CENTRAL TELEFÓNICA IZTACCÍHUATL",Distrito Federal,Calidad Ambiental
22,"TELÉFONOS DE MÉXICO, S.A.B. DE C.V., CENTRAL TELEFÓNICA ROMA",Distrito Federal,Calidad Ambiental
23,"TELÉFONOS DE MÉXICO, S.A.B. DE C.V., CENTRAL TELEFÓNICA TACUBAYA",Distrito Federal,Calidad Ambiental
24,"TELÉFONOS DE MÉXICO, S.A.B. DE C.V., CENTRAL TELEFÓNICA MORALES",Distrito Federal,Calidad Ambiental
25,"TELÉFONOS DE MÉXICO, S.A.B. DE C.V., CENTRAL TELEFÓNICA POPOCATEPETL II",Distrito Federal,Calidad Ambiental
26,"TELÉFONOS DE MÉXICO, S.A.B. DE C.V. CENTRAL TELEFÓNICA ESTRELLA",Distrito Federal,Calidad Ambiental
27,"MANANTIALES PEĄAFIEL, S.A. DE C.V. (PLANTA TECAMAC)",Distrito Federal,Industria Limpia
28,"TELÉFONOS DE MÉXICO, S.A.B. DE C.V., CENTRAL TELEFÓNICA BOSQUES",Distrito Federal,Calidad Ambiental
29,CFE GENERACIÓN VI CENTRAL FELIPE CARRILLO PUERTO,Yucatan,Industria Limpia
30,"CFE DISTRIBUCIÓN, GERENCIA DE DISTRIBUCIÓN PENINSULAR, ZONA MOTUL, SUBESTACIÓN KOPTE",Yucatan,Calidad Ambiental
31,"CFE DISTRIBUCIÓN, GERENCIA DE DISTRIBUCIÓN PENINSULAR, ZONA TIZIMIN, SUBESTACIÓN VALLADOLID",Yucatan,Calidad Ambiental
32,"CFE DISTRIBUCIÓN, GERENCIA DE DISTRIBUCIÓN PENINSULAR, ZONA TICUL, SUBESTACIÓN TICUL I",Yucatan,Calidad Ambiental
33,"CFE DISTRIBUCIÓN, GERENCIA DE DISTRIBUCIÓN PENINSULAR, ZONA TICUL, SUBESTACIÓN MAXCANÚ",Yucatan,Calidad Ambiental
34,"CFE DISTRIBUCIÓN, GERENCIA DE DISTRIBUCIÓN PENINSULAR, ZONA MOTUL, SUBESTACIÓN IZAMAL II",Yucatan,Calidad Ambiental
35,"CFE DISTRIBUCIÓN, GERENCIA DE DISTRIBUCIÓN PENINSULAR, ZONA MÉRIDA, SUBESTACIÓN UCU",Yucatan,Calidad Ambiental
36,"CFE DISTRIBUCIÓN, GERENCIA de distribución PENINSULAR, ZONA MÉRIDA, SUBESTACIÓN MÉRIDA ORIENTE",Yucatan,Calidad Ambiental
37,"CFE DISTRIBUCIÓN, GERENCIA DE DISTRIBUCIÓN PENINSULAR, ZONA MÉRIDA, SUBESTACIÓN SUR",Yucatan,Calidad Ambiental
38,"ALEN DEL NORTE, S.A. DE C.V. (PLANTA II)",Puebla,Industria Limpia
39,"GRUPO EMPRESARIAL SALAVERRY, S.A. DE C.V.",Tlaxcala,Industria Limpia
40,"TRUCK AND WHEEL MÉXICO, S. DE R.L. DE C.V.",Puebla,Industria Limpia
41,"SERVISAN, S.A. DE C.V. (NAUCALPAN)",Distrito Federal,Calidad Ambiental
42,"POLYNT COMPOSITES MÉXICO, S.A. DE C.V.",México,Industria Limpia
43,"CFE DISTRIBUCIÓN, GERENCIA CENTRO ORIENTE, ZONA PACHUCA (SUBESTACIÓN PACHUCA)",Hidalgo,Calidad Ambiental
44,"CFE DISTRIBUCIÓN, GERENCIA CENTRO ORIENTE, ZONA PACHUCA, SUBESTACIÓN ACTOPAN",Hidalgo,Calidad Ambiental
45,"MAQUILAS TETA KAWI, S.A. DE C.V. DEPARTAMENTO TE CONNECTIVITY CORPORATION PLANTA 5",Sonora,Industria Limpia
46,CERVECERÍA CUAUHTÉMOC MOCTEZUMA S.A. DE C.V. (PLANTA NAVOJOA),Sonora,Industria Limpia
47,"CFE DISTRIBUCIÓN, GERENCIA SURESTE, ZONA TEHUANTEPEC, SUBESTACIONES JUCHITÁN I, IXTEPEC, TECNOLÓGICO, SARABIA Y SALINA CRUZ I",Oaxaca,Calidad Ambiental
48,"DAIMLER VEHÍCULOS COMERCIALES MÉXICO, S. DE R.L. DE C.V., CENTRO INTERNACIONAL DE DISTRIBUCIÓN DE PARTES (CIDP)",San Luis Potosi,Calidad Ambiental
49,"MERCEDES-BENZ MÉXICO, S. DE R. L. DE C. V. (EDIFICIO CORPORATIVO)",Distrito Federal,Calidad Ambiental
50,CFE GENERACIÓN III EPS (CENTRAL CICLO COMBINADO EMPALME I Y II),Sonora,Industria Limpia
51,"SCIENTIFIC ATLANTA DE MÉXICO, S. DE R.L. DE C.V.",Chihuahua,Industria Limpia
52,"DHL METROPOLITAN LOGISTICS SC MÉXICO, S.A. DE C.V. (SAN LUIS POTOSÍ)",San Luis Potosi,Calidad Ambiental
53,"CFE DISTRIBUCIÓN, GERENCIA SURESTE, ZONA TUXTLA, SUBESTACIONES: GRIJALVA, INDEPENDENCIA, LA GARZA, OCOZOCOAUTLA, REAL DEL BOSQUE, TUXTLA SUR, VILLAFLORES DOS, CINTALAPA, SOYALÓ Y TUXTLA NORTE",Chiapas,Calidad Ambiental
54,"CFE DISTRIBUCIÓN, GERENCIA CENTRO ORIENTE, ZONA TULANCINGO, SUBESTACIÓN TULANCINGO",Hidalgo,Calidad Ambiental
55,"CFE DISTRIBUCIÓN, GERENCIA CENTRO ORIENTE, ZONA PACHUCA, SUBESTACIÓN PARQUE INDUSTRIAL REFORMA",Hidalgo,Calidad Ambiental
56,"CFE DISTRIBUCIÓN, GERENCIA CENTRO ORIENTE, ZONA TULANCINGO, SUBESTACIÓN VALLE TULANCINGO",Hidalgo,Calidad Ambiental
57,BANCO DE MÉXICO (COMPLEJO LEGARIA),Distrito Federal,Industria Limpia
58,"AUTOWELT, S.A. DE C.V. (BMW CULIACÁN)",Sinaloa,Calidad Ambiental
59,"PREMIER CHEVROLET, S.A.DE C.V.",Sinaloa,Calidad Ambiental
60,"MAVI FARMACÉUTICA, S.A. DE C.V. PLANTA PANTITLÁN",Distrito Federal,Industria Limpia
61,"CFE DISTRIBUCIÓN, GERENCIA VALLE DE MÉXICO SUR, ZONA VOLCANES, SUBESTACIÓN AGUA VIVA",México,Calidad Ambiental
62,"CFE GENERACIÓN IV EPS, (CENTRAL HIDROELÉCTRICA LA AMISTAD)",Coahuila,Industria Limpia
63,"INDUSTRIAS DERIVADAS DEL ETILENO, S.A. DE C.V., (UNIDAD INDUSTRIAL COATZACOALCOS)",Veracruz,Industria Limpia
64,"ALUPRINT, S. DE R.L. DE C.V.",San Luis Potosi,Industria Limpia
65,"AUTOCIRC, S.A. DE C.V. (SUCURSAL HONDA MORELOS)",Morelos,Calidad Ambiental
66,"GILL INDUSTRIES OF MÉXICO, S. DE R.L. DE C.V. PLANTA QUERÉTARO",Queretaro,Industria Limpia
67,"TELÉFONOS DE MÉXICO, S.A.B. DE C.V., TRIARA.COM",Queretaro,Calidad Ambiental
68,TRIBUNAL ELECTORAL DEL PODER JUDICIAL DE LA FEDERACIÓN (SALA REGIONAL DE LA CIUDAD DE MÉXICO),Distrito Federal,Calidad Ambiental
69,"MAGNEKON, S.A. DE C.V. (PLANTA 2)",Nuevo León,Industria Limpia
70,"MANTENIMIENTO INTEGRAL FINSA, S.A. DE C.V. (PARQUE INDUSTRIAL FINSA MONTERREY)",Nuevo León,Calidad Ambiental
71,"CFE TRANSMISIÓN GERENCIA REGIONAL DE TRANSMISIÓN VALLE DE MÉXICO, ZONA DE TRANSMISIÓN VALLE DE MÉXICO SUR, SUBESTACIÓN CULHUACÁN",Distrito Federal,Calidad Ambiental
72,"CFE TRANSMISIÓN GERENCIA REGIONAL DE TRANSMISIÓN VALLE DE MÉXICO, ZONA DE TRANSMISIÓN VALLE DE MÉXICO SUR, SUBESTACIÓN NARVARTE",Distrito Federal,Calidad Ambiental
73,"BEBIDAS MUNDIALES, S. DE R.L. DE C.V. PLANTA CIEL",Coahuila,Industria Limpia
74,"CFE DISTRIBUCIÓN, GERENCIA CENTRO ORIENTE, ZONA PACHUCA (SUBESTACIÓN ATOTONILCO)",Hidalgo,Calidad Ambiental
75,"CFE TRANSMISIÓN, GERENCIA ORIENTE, ZONA CÓRDOBA, SUBESTACIONES OJO DE AGUA Y AMATLÁN DOS.",Veracruz,Calidad Ambiental
76,"CFE TRANSMISIÓN, GERENCIA REGIONAL DE TRANSMISIÓN VALLE DE MÉXICO, ZONA DE TRANSMISIÓN VALLE DE MÉXICO CENTRO, SUBESTACIÓN MORALES",Distrito Federal,Calidad Ambiental
77,"GRUPO POSADAS, S.A.B. DE C.V. (HOTEL GRAND FIESTA AMERICANA CHAPULTEPEC)",Distrito Federal,Calidad Ambiental Turistica
78,"RECUBRIMIENTOS INTERCERAMIC, S.A. DE C.V., PLANTA 4",Chihuahua,Industria Limpia
79,"OPERACIÓN Y MANUFACTURA INTERCERAMIC, S.A. DE C.V. PLANTA 5 Y 7",Chihuahua,Industria Limpia
80,"OPERACIÓN Y MANUFACTURA INTERCERAMIC, S.A. DE C.V. PLANTA 8 Y 9",Chihuahua,Industria Limpia
81,"CFE DISTRIBUCIÓN, GERENCIA NOROESTE, ZONA MAZATLÁN, SUBESTACIONES VILLA UNIÓN, ROSARIO Y PIAXTLA",Sinaloa,Calidad Ambiental
82,"CFE DISTRIBUCIÓN, DIVISIÓN CENTRO SUR, ZONA ZIHUATANEJO, SUBESTACIONES: ZIHUATANEJO II Y TÉCPAN",Guerrero,Calidad Ambiental
83,"CFE DISTRIBUCIÓN, GERENCIA CENTRO SUR, ZONA ZIHUATANEJO, SUBESTACIÓN SAN LUIS SAN PEDRO.",Guerrero,Calidad Ambiental
84,"CLUB NAUTICO DE TOPOLOBAMPO, A.C.",Sinaloa,Calidad Ambiental Turistica
85,"GORA CORPORATIVO EMPRESARIAL, S.A. DE C.V.",Tlaxcala,Calidad Ambiental
86,"INDUSTRIAS FRIGUS THERME, S.A. DE C.V.",Queretaro,Industria Limpia
87,"CFE DISTRIBUCIÓN, GERENCIA CENTRO OCCIDENTE, ZONA ZAMORA, SUBESTACIONES LINDA VISTA Y PUERTA GRANDE",Michoacan,Calidad Ambiental
88,"LUBRICANTES FUCHS DE MÉXICO, S.A. DE C.V.",Queretaro,Industria Limpia
89,"PANOVO ALIMENTARIA, S. DE R.L. DE C.V.",Jalisco,Industria Limpia
90,"POSEIDON SHIP S SUPPLIER, S.A. DE C.V.",Michoacan,Calidad Ambiental
91,"CFE TRANSMISIÓN, ZONA DE TRANSMISIÓN LAGUNA (SUBESTACIONES TORREÓN SUR Y ANDALUCÍA)",Coahuila,Calidad Ambiental
92,"COMISIÓN FEDERAL DE ELECTRICIDAD, SUBDIRECCIÓN DE GENERACIÓN, CRP NOROESTE, CENTRAL HIDROELÉCTRICA 27 DE SEPTIEMBRE (EL FUERTE)",Sinaloa,Industria Limpia
93,"CFE TRANSMISIÓN, ZONA DE TRANSMISIÓN LAGUNA (SUBESTACIONES ELÉCTRICAS NAZAS, GOMEZ PALACIO Y LERDO)",Durango,Calidad Ambiental
94,"ELECTRÓNICA REYNOSA, S. DE R.L. DE C.V.",Tamaulipas,Industria Limpia
95,"UNIVERSIDAD LA SALLE, A.C. UNIDAD I CONDESA, UNIDAD II CONDESA, FACULTAD MEXICANA DE MEDICINA",Distrito Federal,Calidad Ambiental
96,"FÁBRICA NACIONAL DE LIJA, S.A. DE C.V. PLANTA II",Distrito Federal,Industria Limpia
97,"CFE DISTRIBUCIÓN, GERENCIA NOROESTE, ZONA MAZATLÁN, SUBESTACIONES ESCUINAPA, AEROPUERTO, TECNOLÓGICO, MARINA, MAZATLÁN CENTRO Y DEL MAR",Sinaloa,Calidad Ambiental
98,"PROPIMEX, S. DE R.L. DE C.V. (CENTRO DE DISTRIBUCIÓN IGUALA)",Guerrero,Calidad Ambiental
99,"CFE DISTRIBUCIÓN, GERENCIA CENTRO OCCIDENTE, ZONA MORELIA, SUBESTACIÓN QUINCEO",Michoacan,Calidad Ambiental
100,"EFFEM MÉXICO INC. Y COMPAĄÍA, S. EN N.C. DE C.V. (MARS MÉXICO PLANTA QUERÉTARO)",Queretaro,Industria Limpia
101,"MANTENIMIENTO INTEGRAL FINSA, S.A. DE C.V. (PARQUE INDUSTRIAL FINSA AGUASCALIENTES)",Aguascalientes,Calidad Ambiental
102,"CFE DISTRIBUCIÓN, GERENCIA CENTRO SUR, ZONA ATLACOMULCO, SUBESTACIÓN SAN FRANCISCO DE LOS REYES",Michoacan,Calidad Ambiental
103,"CFE DISTRIBUCIÓN, GERENCIA BAJÍO, ZONA SAN JUAN DEL RÍO, SUBESTACIÓN CORONEO",Guanajuato,Calidad Ambiental
104,"PROTEÍNA ANIMAL, S.A. DE C.V. (CEPRO CENTRO DE PROCESAMIENTO)",Jalisco,Industria Limpia
105,INSTITUTO NACIONAL DE ESTADÍSTICA Y GEOGRAFÍA (COMPLEJO SEDE DEL INEGI),Aguascalientes,Calidad Ambiental
106,"CFE DISTRIBUCIÓN, GERENCIA CENTRO ORIENTE, ZONA PACHUCA, SUBESTACIÓN HIDALGO",Hidalgo,Calidad Ambiental
107,"CFE DISTRIBUCIÓN, GERENCIA CENTRO ORIENTE, ZONA TULA, SUBESTACIÓN PARQUE INDUSTRIAL TEPEJI",Hidalgo,Calidad Ambiental
108,"CFE DISTRIBUCIÓN, GERENCIA CENTRO ORIENTE, ZONA TULA, SUBESTACIÓN SANTIAGO TLAUTLA",Hidalgo,Calidad Ambiental
109,"CFE DISTRIBUCIÓN, GERENCIA PENINSULAR, ZONA TIZIMIN, SUBESTACIÓN HOLBOX",Quintana Roo,Calidad Ambiental
110,"INGENIO SAN FRANCISCO AMECA, S.A. DE C.V.",Jalisco,Industria Limpia
111,"M&G POLÍMEROS MÉXICO, S.A. DE C.V.",Tamaulipas,Industria Limpia
112,"FORD MOTOR COMPANY, S.A. DE C.V., PLANTA DE ENSAMBLE DE BATERIAS",Distrito Federal,Industria Limpia
113,"CFE DISTRIBUCIÓN, GERENCIA GOLFO CENTRO, ZONA HUEJUTLA, SUBESTACIONES CRUZ DE ATAQUE Y MOLANGO",Hidalgo,Calidad Ambiental
114,"CFE DISTRIBUCIÓN, GERENCIA NORTE, ZONA CUAUHTÉMOC, SUBESTACIÓN NICOLÁS BRAVO",Chihuahua,Calidad Ambiental
115,"LEAR MEXICAN TRIM OPERATIONS, S. DE R.L DE C.V., PLANTA ASCENSION",Chihuahua,Industria Limpia
116,"LEONI CABLE, S.A. DE C.V.",Chihuahua,Industria Limpia
117,"CFE DISTRIBUCIÓN, GERENCIA GOLFO CENTRO, ZONA HUEJUTLA, SUBESTACIÓN HUEJUTLA II.",Hidalgo,Calidad Ambiental
118,"CFE DISTRIBUCIÓN, GERENCIA GOLFO CENTRO, ZONA TAMPICO, SUBESTACIONES OZULUAMA, NARANJOS, PANUCO Y LINDA VISTA II",Veracruz,Calidad Ambiental
119,"CONVERTORS DE MÉXICO, S. DE R.L. DE C.V. (PLANTA I)",Chihuahua,Industria Limpia
120,"CFE DISTRIBUCIÓN, GERENCIA NORTE, ZONA DURANGO, SUBESTACIÓN QUINCE DE OCTUBRE",Durango,Calidad Ambiental
121,"CFE DISTRIBUCIÓN, GERENCIA NORTE, ZONA DURANGO SUBESTACIONES: CANATLÁN DOS, GUADALUPE VICTORIA UNO Y SANTIAGO PAPASQUIARO",Durango,Calidad Ambiental
122,"CFE DISTRIBUCIÓN, GERENCIA NORTE, ZONA PARRAL, SUBESTACIONES: VILLA LÓPEZ, BOLÍVAR Y SANTIAGO UNO",Chihuahua,Calidad Ambiental
123,"CFE DISTRIBUCIÓN, GERENCIA NORTE, ZONA CHIHUAHUA, SUBESTACIÓN OJINAGA.",Chihuahua,Calidad Ambiental
124,"CFE DISTRIBUCIÓN, GERENCIA NORTE, ZONA CHIHUAHUA, SUBESTACIONES: CONCORDIA, TABALAOPA, ALDAMA, CAROLINAS, COMPLEJO INDUSTRIAL, FUENTES MARES, HACIENDAS, OCAMPO, PALOMAR, CHIHUAHUA PLANTA, CHIHUAHUA PONIENTE, NUEVA HOLANDA, OASIS, ROBINSON, TRES HERMANOS Y EL TRÉBOL",Chihuahua,Calidad Ambiental
125,"GALLETERA ITALIANA, S.A. DE C.V.",Puebla,Industria Limpia
126,"MOLINO HARINERO SAN BLAS, S.A. DE C.V.",Puebla,Industria Limpia
127,"RASSINI FRENOS, S.A. DE C.V.",Puebla,Industria Limpia
128,"USG MÉXICO, S.A. DE C.V., PLANTA PUEBLA",Puebla,Industria Limpia
129,"AUTOLIV STEERING WHEELS MÉXICO, S. DE R.L. DE C.V. (PLANTA AQW)",Queretaro,Industria Limpia
130,"ALEN DEL NORTE, S.A. DE C.V. (PLANTA QUERÉTARO)",Queretaro,Industria Limpia
131,"MÁS LIMPIO, S.A. DE C.V.",Jalisco,Calidad Ambiental
132,"LEAR MEXICAN TRIM OPERATIONS, S. DE R.L DE C.V., PLANTA SAN FELIPE",Guanajuato,Industria Limpia
133,"CFE DISTRIBUCIÓN, GERENCIA BAJÍO, ZONA SALVATIERRA, SUBESTACIONES ACÁMBARO, OJO SECO, URIANGATO, GUARAPO, JARAL DEL PROGRESO, SALVATIERRA Y TARANDACUAO.",Guanajuato,Calidad Ambiental
134,"NESTLÉ MÉXICO, S.A. DE C.V. (PLANTA QUERÉTARO)",Queretaro,Industria Limpia
135,"CFE GENERACIÓN VI EPS, CENTRAL HIDROELÉCTRICA (ÁNGEL ALBINO CORZO (PEĄITAS))",Chiapas,Industria Limpia
136,"HARMAN DE MÉXICO, S. DE R.L. DE C.V. (PLANTA II)",Chihuahua,Industria Limpia
137,"YOLI DE ACAPULCO, S. DE R.L. DE C.V. (PLANTA CAYACO)",Guerrero,Industria Limpia
138,"LEAR ELECTRICAL SYSTEMS DE MÉXICO, S. DE R.L. DE C.V., PLANTA TRIUNFO",Chihuahua,Industria Limpia
139,"COMERCIALIZADORA DE LÁCTEOS Y DERIVADOS, S.A. DE C.V. (PLANTA MÉXICO)",Distrito Federal,Industria Limpia
140,"ECOFIBRAS PONDEROSA, S.A. DE C.V. (CENTRO DE ACOPIO SAN NICOLAS TEQUISQUIAPAN)",Queretaro,Calidad Ambiental
141,"SCHWABE MÉXICO, S.A. DE C.V. (PLANTA XOCHITEPEC)",Morelos,Industria Limpia
142,"CFE DISTRIBUCIÓN, GERENCIA VALLE DE MÉXICO SUR ZONA UNIVERSIDAD SUBESTACIÓN SAN ANDRÉS",Distrito Federal,Calidad Ambiental
143,"PETRÓLEOS MEXICANOS (CLÍNICA DE PRIMER NIVEL, CIUDAD DEL CARMEN)",Campeche,Calidad Ambiental
144,"OMNILIFE MANUFACTURA, S.A. DE C.V.",Jalisco,Industria Limpia
145,"CFE TRANSMISIÓN, GERENCIA ORIENTE, ZONA XALAPA, SUBESTACIÓN CUYOACO MANIOBRAS",Puebla,Calidad Ambiental
146,"ENVASES UNIVERSALES DE MÉXICO, S.A.P.I. DE C.V. PLANTA MORELIA",Michoacan,Industria Limpia
147,"PRAXAIR MÉXICO, S. DE R.L. DE C.V. (PLANTA TOLUCA).",México,Industria Limpia
148,"CFE DISTRIBUCIÓN, GERENCIA BAJÍO, ZONA CELAYA, SUBESTACIONES AMISTAD BAJÍO, APASEO ORIENTE, CELAYA SUR, CORTÁZAR, HACIENDA, APASEO, CELAYA UNO, CELAYA PONIENTE, CHIPILO, DOLORES HIDALGO, FIPE SAN MIGUEL, LA CALIFORNIA, SAN FELIPE, SAN MIGUEL DE ALLENDE Y EMPALME ESCOBEDO",Guanajuato,Calidad Ambiental
149,"CERVECERÍA CUAUHTÉMOC MOCTEZUMA, S.A. DE C.V. GUADALAJARA",Jalisco,Industria Limpia
150,"PROTEÍNA ANIMAL, S.A. DE C.V. (MOLDEADORA)",Jalisco,Industria Limpia
151,"PROTEÍNA ANIMAL, S.A. DE C.V. (CORRUGADOS)",Jalisco,Industria Limpia
152,"SCHÜTZ ELSA, S.A. DE C.V. (PLANTA TULTITLÁN I)",Distrito Federal,Industria Limpia
153,"CFE DISTRIBUCIÓN, GERENCIA SURESTE, ZONA TAPACHULA, SUBESTACIONES BELISARIO DOMÍNGUEZ Y TAPACHULA",Chiapas,Calidad Ambiental
154,"CFE DISTRIBUCIÓN, GERENCIA SURESTE, ZONA SAN CRISTÓBAL, SUBESTACIÓN FRONTERA COMALAPA",Chiapas,Calidad Ambiental
155,"CFE DISTRIBUCIÓN, GERENCIA SURESTE, ZONA LOS RÍOS, SUBESTACIÓN PALENQUE",Chiapas,Calidad Ambiental
156,"CFE GENERACIÓN II EPS, CENTRAL HIDROELÉCTRICA JUMATÁN",Nayarit,Industria Limpia
157,"CFE GENERACIÓN II EPS, CENTRAL HIDROELÉCTRICA AGUAMILPA - SOLIDARIDAD",Nayarit,Industria Limpia
158,"CFE DISTRIBUCIÓN, GERENCIA NORTE, ZONA CUAUHTÉMOC, SUBESTACIÓN RUÍZ CORTINES",Chihuahua,Calidad Ambiental
159,"CFE TRANSMISIÓN, GERENCIA ORIENTE, ZONA XALAPA, SUBESTACIÓN MAZATEPEC",Puebla,Calidad Ambiental
160,"CFE DISTRIBUCIÓN, GERENCIA NORTE, ZONA CASAS GRANDES, SUBESTACIONES LA SALADA, MONTEVERDE Y VADO SANTA MARÍA",Chihuahua,Calidad Ambiental
161,CFE GENERACIÓN I EPS (CENTRAL HIDROELÉCTRICA COLOTLIPA),Guerrero,Industria Limpia
162,"CFE GENERACIÓN I EPS, CENTRAL HIDROELÉCTRICA GRAL. AMBROSIO FIGUEROA ""LA VENTA""",Guerrero,Industria Limpia
163,"CFE DISTRIBUCIÓN, GERENCIA NORTE, ZONA DELICIAS, SUBESTACIÓN KILÓMETRO OCHENTA Y OCHO",Chihuahua,Calidad Ambiental
164,"CFE DISTRIBUCIÓN, GERENCIA NOROESTE, ZONA GUASAVE, SUBESTACIONES GUASAVE, BAMOA Y SALVADOR ALVARADO",Sinaloa,Calidad Ambiental
165,"CFE DISTRIBUCIÓN GERENCIA NOROESTE, ZONA MAZATLAN, SUBESTACIONES MAZATLAN NORTE Y VENADILLO",Sinaloa,Calidad Ambiental
166,"CFE DISTRIBUCIÓN, GERENCIA NOROESTE, ZONA CULIACÁN, SUBESTACIONES CULIACÁN CENTRO, JAIME SEVILLA POYASTRO, TRES RIOS, CULIACÁN ORIENTE, MILENIUM Y CULIACÁN NORTE",Sinaloa,Calidad Ambiental
167,"HBPO MÉXICO, S.A. DE C.V., PLANTA PUEBLA",Puebla,Industria Limpia
168,"PROTEÍNA ANIMAL, S.A. DE C.V. (ADMINISTRACIÓN AMBIENTAL)",Jalisco,Calidad Ambiental
169,"PROTEÍNA ANIMAL, S.A. DE C.V. (TERMOFORMADOS)",Jalisco,Industria Limpia
170,"PROTEÍNA ANIMAL, S.A. DE C.V. (PLANTA DE ALIMENTOS)",Jalisco,Industria Limpia
171,"MULTIPAK, S.A. DE C.V., PLANTA SAN LUIS",San Luis Potosi,Industria Limpia
172,"CONSORCIO INDUSTRIAL MEXICANO DE AUTOPARTES, S. DE R.L. DE C.V., PLANTA RAMOS ARIZPE II",Coahuila,Industria Limpia
173,"CFE DISTRIBUCIÓN, GERENCIA DE DISTRIBUCIÓN PENINSULAR, ZONA CAMPECHE, SUBESTACIÓN CANDELARIA II",Campeche,Calidad Ambiental
174,"CFE DISTRIBUCIÓN, GERENCIA NOROESTE, ZONA GUAYMAS, SUBESTACIÓN CENTINELA",Sonora,Calidad Ambiental
175,"CFE DISTRIBUCIÓN, GERENCIA NOROESTE, ZONA GUAYMAS, SUBESTACIONES FÁTIMA, EMPALME, MORELOS Y SAN CARLOS",Sonora,Calidad Ambiental
176,"BIMBO, S.A. DE C.V. PLANTA MARINELA MÉXICO",Distrito Federal,Industria Limpia
177,"CFE DISTRIBUCIÓN, GERENCIA NOROESTE, ZONA NOGALES, SUBESTACIONES AGUA PRIETA Y NOGALES",Sonora,Calidad Ambiental
178,"CFE DISTRIBUCIÓN, GERENCIA NOROESTE, ZONA OBREGÓN SUBESTACIONES VALLE DEL YAQUI, VALLE DEL YAQUI DOS, VICAM Y BANDERAS",Sonora,Calidad Ambiental
179,"CFE DISTRIBUCIÓN, GERENCIA NOROESTE, ZONA CABORCA, SUBESTACIONES ANTIMONIO, SAHUARO Y LLANO BLANCO",Sonora,Calidad Ambiental
180,"CFE DISTRIBUCIÓN, GERENCIA NOROESTE, ZONA OBREGÓN, SUBESTACIONES OBREGÓN UNO Y CIUDAD OBREGÓN DOS",Sonora,Calidad Ambiental
181,"CFE DISTRIBUCIÓN, GERENCIA NOROESTE, ZONA GUASAVE, SUBESTACIONES HERNANDO VILLAFAĄE Y LEYVA SOLANO",Sinaloa,Calidad Ambiental
182,"MULTIPAK, S.A. DE C.V., PLANTA TLAXCALA",Tlaxcala,Industria Limpia
183,"VIBRACOUSTIC DE MÉXICO, S.A. DE C.V. (PLANTA QUERÉTARO)",Queretaro,Industria Limpia
184,"COSMETIC COLORS, S.A. DE C.V.",México,Industria Limpia
185,"ALAMBRADOS Y CIRCUITOS ELÉCTRICOS, S. DE R.L. DE C.V. (PLANTA VI)",Chihuahua,Industria Limpia
186,"CFE DISTRIBUCIÓN, GERENCIA GOLFO CENTRO, ZONA MANTE, SUBESTACIONES AZTECAS, LIBRAMIENTO Y XICOTÉNCATL II",Tamaulipas,Calidad Ambiental
187,"CFE DISTRIBUCIÓN, GERENCIA GOLFO CENTRO, ZONA VICTORIA, SUBESTACIONES BARRETAL, JIMENEZ, NUEVO SANTANDER Y SOTO LA MARINA",Tamaulipas,Calidad Ambiental
188,"CFE DISTRIBUCIÓN, GERENCIA GOLFO CENTRO, ZONA VICTORIA, SUBESTACIONES TIERRA NUEVA, VICTORIA Y ESTRELLA",Tamaulipas,Calidad Ambiental
189,"AEROPUERTO DE MÉRIDA, S.A. DE C.V.",Yucatan,Calidad Ambiental
190,"CFE DISTRIBUCIÓN, GERENCIA NOROESTE, ZONA HERMOSILLO, SUBESTACIONES PUEBLITOS, PORTALES, QUIROGA, SUBESTACIÓN OCHO, SUBESTACIÓN UNO, BAHÍA KINO, SUBESTACIÓN TRES, SUBESTACIÓN CINCO, SUBESTACIÓN SEIS Y SUBESTACIÓN NUEVE.",Sonora,Calidad Ambiental
191,"CFE DISTRIBUCIÓN, GERENCIA NOROESTE, ZONA HERMOSILLO, SUBESTACIONES HERMOSILLO UNO, OASIS, PARQUE INDUSTRIAL HERMOSILLO NORTE, SUBESTACIÓN SIETE, SUBESTACIÓN DIEZ, COLINAS, SUBESTACIÓN DOS, SANTA INES, SUBESTACIÓN CUATRO Y VIĄEDOS",Sonora,Calidad Ambiental
192,"CFE DISTRIBUCIÓN, GERENCIA NOROESTE, ZONA HERMOSILLO, SUBESTACIONES BAGOTES, HERMOSILLO MISIÓN, HERMOSILLO CERESO, DYNATECH, ROLANDO GARCÍA URREA, HERMOSILLO DOS, HERMOSILLO SEIS, HERMOSILLO SIETE, HERMOSILLO OCHO Y RÍO SONORA",Sonora,Calidad Ambiental
193,"CFE DISTRIBUCIÓN, GERENCIA NOROESTE, ZONA NOGALES, SUBESTACIÓN NOGALES NORTE.",Sonora,Calidad Ambiental
194,"CFE DISTRIBUCIÓN, GERENCIA NOROESTE, ZONA NOGALES, SUBESTACIONES INDUSTRIAL SAN CARLOS Y LUIS DONALDO COLOSIO",Sonora,Calidad Ambiental
195,"AEROPUERTO DE VILLAHERMOSA, S.A. DE C.V.",Tabasco,Calidad Ambiental
196,"ALEN DEL NORTE, S.A. DE C.V. PLANTA VILLAHERMOSA",Tabasco,Industria Limpia
197,"MANTENIMIENTO INTEGRAL FINSA, S.A. DE C.V. (PARQUE INDUSTRIAL FINSA PUEBLA i)",Puebla,Calidad Ambiental
198,"CFE DISTRIBUCIÓN, GERENCIA CENTRO OCCIDENTE, ZONA JIQUILPAN, SUBESTACIONES JIQUILPAN, SAHUAYO, SAN JOSÉ DE GRACIA, VENUSTIANO CARRANZA.",Michoacan,Calidad Ambiental
199,"OPERADORA DE HOSPITALES ÁNGELES, S.A. DE C.V., SUCURSAL LOMAS",Distrito Federal,Calidad Ambiental
200,"CFE DISTRIBUCIÓN, GERENCIA CENTRO OCCIDENTE, ZONA ZACAPU SUBESTACIONES ANGAMACUTIRO DOS, PURÚANDIRO, VILLA JIMÉNEZ Y ZACAPU",Michoacan,Calidad Ambiental
201,"GEN INDUSTRIAL S.A. DE C.V., CARP AGUASCALIENTES",Aguascalientes,Calidad Ambiental
202,"AS MAQUILA MÉXICO, S. DE R.L. DE C.V. (PLANTA AGUASCALIENTES)",Aguascalientes,Industria Limpia
203,"KIRCHHOFF AUTOMOTIVE MÉXICO, S.A. DE C.V.",Queretaro,Industria Limpia
204,TRIBUNAL ELECTORAL DEL PODER JUDICIAL DE LA FEDERACIÓN (SALA REGIONAL GUADALAJARA),Jalisco,Calidad Ambiental
205,"ELECTRICIDAD SOL DE TUXPAN, S. DE R.L. DE C.V. CENTRAL DE CICLO COMBINADO TUXPAN V, (EST)",Veracruz,Industria Limpia
206,"IBERDROLA RENOVABLES NOROESTE, S.A. DE C.V.",Sonora,Industria Limpia
207,"CFE DISTRIBUCIÓN, GERENCIA CENTRO OCCIDENTE, ZONA APATZINGÁN, SUBESTACIONES COALCOMÁN, CRUCERO, DESCANSADERO, PINZÁNDARO.",Michoacan,Calidad Ambiental
208,"CFE DISTRIBUCIÓN, GERENCIA CENTRO OCCIDENTE, ZONA APATZINGÁN, SUBESTACIONES ANTÚNEZ, APATZINGÁN, INGUARÁN, LA HUACANA, LOMBARDIA, NUEVA ITALIA, PRADERA, TEPALCATEPEC, VALLE VERDE.",Michoacan,Calidad Ambiental
209,"AMIGOS DEL DESIERTO DE COAHUILA, A.C.",Coahuila,Calidad Ambiental Turistica
210,"CFE DISTRIBUCIÓN, GERENCIA CENTRO OCCIDENTE, ZONA URUAPAN, SUBESTACIONES CHARAPÁN, CONDEMBARO, LA ESPERANZA, MIRADOR, PARACHO DOS, TARETÁN, URUAPAN TRES.",Michoacan,Calidad Ambiental
211,"PARQUES ECOLÓGICOS DE MÉXICO, S.A. DE C.V.",Oaxaca,Industria Limpia
212,"CFE TRANSMISIÓN GERENCIA REGIONAL DE TRANSMISIÓN VALLE DE MÉXICO ZONA DE TRANSMISIÓN VALLE DE MÉXICO CENTRO, SUBESTACIÓN OTUMBA",México,Calidad Ambiental
213,"TECNOLOGÍA DE MOCIÓN CONTROLADA, S. DE R.L. DE C.V.",Chihuahua,Industria Limpia
214,"CONSORCIO INDUSTRIAL MEXICANO DE AUTOPARTES, S. DE R.L. DE C.V., PLANTA HERMOSILLO",Sonora,Industria Limpia
215,"GRUPO AVIMARCA, S.A. DE C.V. (DIVISIÓN PLANTA PROCESADORA DE AVES)",Chiapas,Industria Limpia
216,"IBERDROLA COGENERACIÓN ALTAMIRA, S.A. DE C.V.",Tamaulipas,Industria Limpia
217,"MANTENIMIENTO INTEGRAL FINSA, S.A. DE C.V. (PARQUE INDUSTRIAL FINSA NUEVO LAREDO)",Tamaulipas,Calidad Ambiental
218,"AEROPUERTO DE MAZATLÁN, S.A. DE C.V.",Sinaloa,Calidad Ambiental
219,"ALAMBRADOS Y CIRCUITOS ELÉCTRICOS, S. DE R.L. DE C.V. (PLANTA XVII)",Sinaloa,Industria Limpia
220,"MECHANICS & TOOLS, S.A..DE C.V.",Morelos,Industria Limpia
221,"DON DIEGO SOLAR, S.A.P.I. DE C.V.",Sonora,Industria Limpia
222,ABB ELECTRICAL CONTROL SYSTEMS S. DE R.L. DE C.V. PLANTA NOGALES,Sonora,Industria Limpia
223,"CERVECERÍA YUCATECA, S. DE R.L. DE C.V.",Yucatan,Industria Limpia
224,"NOVA PACK, S.A. DE C.V.",Morelos,Industria Limpia
225,"SERVICIO NACIONAL DE SANIDAD, INOCUIDAD Y CALIDAD AGROALIMENTARIA “PLANTA CRÍA ESTERILIZACIÓN DE MOSCAS DE LA FRUTA Y PARASITOIDES (MOSCAFRUT)",Chiapas,Industria Limpia
226,"CFE DISTRIBUCIÓN, GERENCIA NOROESTE, ZONA CULIACÁN, SUBESTACIONES CULIACÁN LIBRAMIENTO, NAVOLATO, QUILA Y SANALONA",Sinaloa,Calidad Ambiental
227,"COMERCIALIZADORA DE LÁCTEOS Y DERIVADOS, S.A. DE C.V. (PLANTA TIZAYUCA)",Hidalgo,Industria Limpia
228,"MANTENIMIENTO INTEGRAL FINSA, S.A. DE C.V. (PARQUE INDUSTRIAL FINSA PUEBLA II)",Puebla,Calidad Ambiental
229,"FRITOS TOTIS, S.A. DE C.V. (PLANTA UNO)",Hidalgo,Industria Limpia
230,CFE GENERACIÓN I EPS SISTEMA HIDROELÉCTRICO MIGUEL ALEMAN C.H. SANTA BÁRBARA/C.H.TINGAMBATO,México,Industria Limpia
231,"FOL-MEX, S.A. DE C.V.",Distrito Federal,Industria Limpia
232,VITALMEX COMERCIAL S.A. DE C.V.,Morelos,Industria Limpia
233,"COMERCIALIZADORA LA JUNTA, S.A. DE C.V.",Colima,Calidad Ambiental
234,"CAPSUGEL DE MÉXICO, S. DE R.L. DE C.V.",Puebla,Industria Limpia
235,"ALTECSA, S.A. DE C.V.",Tlaxcala,Industria Limpia
236,"GILL INDUSTRIES OF MÉXICO, S. DE R.L. DE C.V. PLANTA NAUCALPAN",Distrito Federal,Industria Limpia
237,"RESINAS SINTÉTICAS, S.A. DE C.V.",Michoacan,Industria Limpia
238,"THOR QUIMICOS DE MÉXICO, S.A. DE C.V.",Queretaro,Industria Limpia
239,"ASOCIACIÓN ESTRATÉGICA AMBIENTAL Y LABORAL, S.A. DE C.V. (OSCAR CONSULTORES)",Jalisco,Calidad Ambiental
240,"PROCTER & GAMBLE MANUFACTURING MÉXICO, S. DE R.L. DE C.V. - PLANTA ALCE BLANCO",Distrito Federal,Industria Limpia
241,"FÁBRICAS MONTERREY, S.A. DE C.V. PLANTA TOLUCA",México,Industria Limpia
242,"AEROPUERTO DE MORELIA, S.A. DE C.V.",Michoacan,Calidad Ambiental
243,"OPERADORA TURÍSTICA VICTORIA, S.A. DE C.V. (GRAND FIESTA AMERICANA QUERÉTARO)",Queretaro,Calidad Ambiental Turistica
244,"COOPER-STANDARD AUTOMOTIVE SERVICES, S. DE R.L. DE C.V. (PLANTA AGUASCALIENTES)",Aguascalientes,Industria Limpia
245,"CORPORACIÓN DEL BALSAS, S.A. DE C.V. (MUELLE DE METALES Y MINERALES)",Michoacan,Calidad Ambiental
246,"EÓLICA DOS ARBOLITOS, S.A. DE C.V.",Oaxaca,Industria Limpia
247,"CFE TRANSMISIÓN, GERENCIA NOROESTE, ZONA MAZATLÁN, SUBESTACIONES MAZATLÁN DOS Y HABAL",Sinaloa,Calidad Ambiental
248,"CFE GENERACIÓN II EPS, PRESA REGULADORA SAN RAFAEL",Nayarit,Calidad Ambiental
249,"AEROPUERTO DE COZUMEL, S.A. DE C.V.",Quintana Roo,Calidad Ambiental
250,"PALETAS MARA, S.A. DE C.V.",Zacatecas,Industria Limpia
251,"AEROPUERTO DE HUATULCO, S.A. DE C.V.",Oaxaca,Calidad Ambiental
252,"BONAFONT, S.A. DE C.V. (PLANTA VILLAHERMOSA)",Tabasco,Industria Limpia
253,"EMBOTELLADORA MEXICANA DE BEBIDAS REFRESCANTES, S. DE R.L. DE C.V. PLANTA SABINO",Distrito Federal,Industria Limpia
254,"FÁBRICA DE HARINAS ELIZONDO, S.A. DE C.V., PLANTA POLANCO",Distrito Federal,Industria Limpia
255,"COMISIÓN FEDERAL DE ELECTRICIDAD, SUBDIRECCIÓN DE DISTRIBUCIÓN, GERENCIA GOLFO NORTE, ZONA SABINAS, SUBESTACIÓN BAJÍO",Coahuila,Calidad Ambiental
256,"COMISIÓN FEDERAL DE ELECTRICIDAD, SUBDIRECCIÓN DE DISTRIBUCIÓN, GERENCIA GOLFO NORTE, ZONA SABINAS, SUBESTACIÓN MINERA",Coahuila,Calidad Ambiental
257,"COMISIÓN FEDERAL DE ELECTRICIDAD, SUBDIRECCIÓN DE DISTRIBUCIÓN, GERENCIA GOLFO NORTE, ZONA SABINAS, SUBESTACIÓN SABINAS",Coahuila,Calidad Ambiental
258,"COMISIÓN FEDERAL DE ELECTRICIDAD, SUBDIRECCIÓN DE DISTRIBUCIÓN, GERENCIA GOLFO NORTE, ZONA SALTILLO, SUBESTACIÓN CAPELLANÍA",Coahuila,Calidad Ambiental
259,"COMISIÓN FEDERAL DE ELECTRICIDAD, SUBDIRECCIÓN DE DISTRIBUCIÓN, GERENCIA GOLFO NORTE, ZONA NUEVO LAREDO, SUBESTACIÓN FALCÓN",Tamaulipas,Calidad Ambiental
260,"AEROPUERTO DE ZIHUATANEJO, S.A. DE C.V.",Guerrero,Calidad Ambiental
261,"MULTISUR, S.A. DE C.V. (TERMINAL GRANELERA)",Yucatan,Calidad Ambiental
262,"ESPAMEX DISTRIBUCIONES Y REPRESENTACIONES, S.A. DE C.V. (CEDINAL), CENTRO DE DISTRIBUCIÓN NACIONAL",Tlaxcala,Calidad Ambiental
263,"CONSORCIO INDUSTRIAL MEXICANO DE AUTOPARTES, S. DE R.L. DE C.V., PLANTA PANZACOLA",Tlaxcala,Industria Limpia
264,"CFE DISTRIBUCIÓN, GERENCIA CENTRO OCCIDENTE, ZONA MORELIA, SUBESTACIONES TARIMBARO, CUITZEO, MORELOS, MORELIA NORTE, AEROPUERTO, ABASTOS, MORELIA INDUSTRIAL, PEDREGAL, CUITZILLOS Y TRIGUILLOS",Michoacan,Calidad Ambiental
265,"CFE DISTRIBUCION, GERENCIA BAJIO, ZONA QUERÉTARO, SUBESTACIONES SAN JOSÉ ITURBIDE Y LA SOLEDAD",Guanajuato,Calidad Ambiental
266,"INTIMARK, S. DE R.L DE C.V",México,Industria Limpia
267,"CFE DISTRIBUCIÓN, GERENCIA CENTRO OCCIDENTE, ZONA ZAMORA, SUBESTACIONES ARBOLEDAS, GUASCUARO, IXTLÁN, JACONA, PERIBÁN, PURÉPERO, ZAMORA",Michoacan,Calidad Ambiental
268,"CFE DISTRIBUCION, GERENCIA BAJIO, ZONA QUERÉTARO, SUBESTACIONES LA GRIEGA, QUERÉTARO INDUSTRIAL, QUERÉTARO MANIOBRAS, QUERÉTARO SUR, SAN ILDEFONSO, SATÉLITE, TEPEYAC, CIMATARIO, AEROESPACIAL, MICRO PARQUE, BUENAVISTA NORTE Y MARQUÉS ORIENTE",Queretaro,Calidad Ambiental
269,CFE GENERACIÓN VI CENTRAL HIDROELÉCTRICA BELISARIO DOMÍNGUEZ (ANGOSTURA),Chiapas,Industria Limpia
270,"COMPAĄÍA MINERA PITALLA, S.A. DE C.V. (UNIDAD LA COLORADA)",Sonora,Industria Limpia
271,"COMISIÓN FEDERAL DE ELECTRICIDAD, SUBDIRECCIÓN DE TRANSMISIÓN, GERENCIA NOROESTE, ZONA CULIACÁN, SUBESTACIONES CULIACÁN TRES, CULIACÁN POTENCIA, LA HIGUERA, GUAMÚCHIL DOS Y CULIACÁN PONIENTE",Sinaloa,Calidad Ambiental
272,"BEBIDAS MUNDIALES, S. DE R.L. DE C.V. PLANTA LA FAVORITA",Jalisco,Industria Limpia
273,"CFE TRANSMISIÓN, ZONA DE TRANSMISIÓN CAMARGO (SUBESTACIONES ELÉCTRICAS, FRANCISCO VILLA, CAMARGO DOS, MESTEĄAS Y SANTIAGO DOS)",Chihuahua,Calidad Ambiental
274,"CFE DISTRIBUCIÓN, GERENCIA DE DISTRIBUCIÓN PENINSULAR, ZONA CANCÚN, SUBESTACIÓN POKTAPOK",Quintana Roo,Calidad Ambiental
275,"CFE DISTRIBUCIÓN, GERENCIA DE DISTRIBUCIÓN PENINSULAR, ZONA CANCÚN, SUBESTACIÓN CANEK",Quintana Roo,Calidad Ambiental
276,"CFE DISTRIBUCIÓN, GERENCIA DE DISTRIBUCIÓN PENINSULAR, ZONA CANCÚN, SUBESTACIÓN CHAAC",Quintana Roo,Calidad Ambiental
277,"CFE DISTRIBUCIÓN, GERENCIA DE DISTRIBUCIÓN PENINSULAR, ZONA CANCÚN, SUBESTACIÓN HUNABKU",Quintana Roo,Calidad Ambiental
278,"CFE DISTRIBUCIÓN, GERENCIA DE DISTRIBUCIÓN PENINSULAR, ZONA CANCÚN, SUBESTACIÓN IXCHEL",Quintana Roo,Calidad Ambiental
279,"CELULOSA Y CORRUGADOS DE SONORA, S.A. DE C.V. (PLANTA NAVOJOA)",Sonora,Industria Limpia
280,"MOTORES HERMÉTICOS DEL SUR, S. DE R.L. DE C.V.",Tamaulipas,Industria Limpia
281,"BIMBO, S.A. DE C.V. PLANTA SANTA MARÍA",Distrito Federal,Industria Limpia
282,CFE. GENERACIÓN VI CENTRAL HIDROELÉCTRICA BOMBANÁ,Chiapas,Industria Limpia
283,"COMISIÓN FEDERAL DE ELECTRICIDAD, SUBDIRECCIÓN DE GENERACIÓN, CRP SURESTE, CENTRAL TURBOGAS CHANKANAAB",Quintana Roo,Industria Limpia
284,"CFE DISTRIBUCIÓN, GERENCIA BAJÍO, ZONA SAN JUAN DEL RÍO, SUBESTACIÓN SAN JUAN MANIOBRAS",Queretaro,Calidad Ambiental
285,"CFE DISTRIBUCIÓN, GERENCIA BAJÍO, ZONA SAN JUAN DEL RÍO, SUBESTACIÓN EZEQUIEL MONTES",Queretaro,Calidad Ambiental
286,"COMISIÓN FEDERAL DE ELECTRICIDAD, SUBDIRECCIÓN DE GENERACIÓN, CRP SURESTE, CENTRAL TURBOGAS NIZUC",Quintana Roo,Industria Limpia
287,"FÁBRICA DE PAPEL SAN FRANCISCO, S.A. DE C.V. (PLANTA CONVERSIÓN MEXICALI)",Baja California,Industria Limpia
288,"COMISIÓN FEDERAL DE ELECTRICIDAD, SUBDIRECCIÓN DE DISTRIBUCIÓN, GERENCIA GOLFO NORTE, ZONA PIEDRAS NEGRAS, SUBESTACIÓN ALLENDE DOS",Coahuila,Calidad Ambiental
289,"COMISIÓN FEDERAL DE ELECTRICIDAD, SUBDIRECCIÓN DE DISTRIBUCIÓN, GERENCIA GOLFO NORTE, ZONA PIEDRAS NEGRAS, SUBESTACIÓN PUENTE INTERNACIONAL",Coahuila,Industria Limpia
290,"COMISIÓN FEDERAL DE ELECTRICIDAD, SUBDIRECCIÓN DE DISTRIBUCIÓN, GERENCIA GOLFO NORTE, ZONA PIEDRAS NEGRAS, SUBESTACIÓN PARQUE INDUSTRIAL ACUĄA",Coahuila,Calidad Ambiental
291,"COMISIÓN FEDERAL DE ELECTRICIDAD, SUBDIRECCIÓN DE DISTRIBUCIÓN, GERENCIA GOLFO NORTE, ZONA MONCLOVA, SUBESTACIÓN ALTAMIRANO",Coahuila,Calidad Ambiental
292,"COMISIÓN FEDERAL DE ELECTRICIDAD, SUBDIRECCIÓN DE DISTRIBUCIÓN, GERENCIA GOLFO NORTE, ZONA MONCLOVA, SUBESTACIÓN REGIDORES",Coahuila,Calidad Ambiental
293,"CFE DISTRIBUCIÓN, GERENCIA CENTRO SUR, ZONA CHILPANCINGO, SUBESTACIONES: TLAPA NUEVA, OLINALÁ Y LA VENTA",Guerrero,Calidad Ambiental
294,"CFE DISTRIBUCIÓN, GERENCIA CENTRO SUR, ZONA CHILPANCINGO, SUBESTACIONES: AYUTLA, TIXTLA, MALINALTEPEC Y HUAMUXTITLÁN",Guerrero,Calidad Ambiental
295,"CFE DISTRIBUCIÓN, DIVISIÓN CENTRO SUR, ZONA ACAPULCO, SUBESTACIÓN POZO RANNEY",Guerrero,Calidad Ambiental
296,"CFE GENERACIÓN I EPS, CENTRAL HIDROELÉCTRICA INFIERNILLO",Michoacan,Industria Limpia
297,"COMISIÓN FEDERAL DE ELECTRICIDAD, SUBDIRECCIÓN DE DISTRIBUCIÓN, GERENCIA GOLFO NORTE, ZONA NUEVO LAREDO, SUBESTACIÓN CAMPESTRE",Tamaulipas,Calidad Ambiental
298,"COMISIÓN FEDERAL DE ELECTRICIDAD, SUBDIRECCIÓN DE DISTRIBUCIÓN, GERENCIA GOLFO NORTE, ZONA NUEVO LAREDO, SUBESTACIÓN NUEVO LAREDO",Tamaulipas,Calidad Ambiental
299,"COMISIÓN FEDERAL DE ELECTRICIDAD, SUBDIRECCIÓN DE DISTRIBUCIÓN, GERENCIA GOLFO NORTE, ZONA NUEVO LAREDO, SUBESTACIÓN LAREDO PONIENTE",Tamaulipas,Calidad Ambiental
300,"COMISIÓN FEDERAL DE ELECTRICIDAD, SUBDIRECCIÓN DE DISTRIBUCIÓN, GERENCIA GOLFO NORTE, ZONA PIEDRAS NEGRAS, SUBESTACIÓN MICARE",Coahuila,Calidad Ambiental
301,"CFE DISTRIBUCIÓN, GERENCIA NOROESTE, ZONA MAZATLÁN SUBESTACIONES MAZATLÁN ORIENTE Y MAZATLÁN UNO",Sinaloa,Calidad Ambiental
