rank,empresa,razon_social,municipio,estado,scian,actividad,estrato_personal,parque_industrial,certificado_profepa,senales_publicas,score,source_urls,source_date
1,STEERINGMEX,STEERINGMEX,El Marqués,Querétaro,336330,Fabricación de partes de sistemas de dirección y de suspensión para vehículos automotrices,251 y más personas,FINSA,Industria Limpia / CERTIFICADO_VIGENTE,"Certificado PROFEPA Industria Limpia (certificado_vigente, vigencia 2026); SCIAN intensivo en energía (336330); Parque: FINSA; DENUE 251+ empleados (2026-05)",7,https://www.inegi.org.mx/contenidos/masiva/denue/denue_22_csv.zip; https://repodatos.atdt.gob.mx/api_update/profepa/certificados_vigentes_fecha_programa_nacional_auditoria_ambiental/certificados_vigentes_pnaa.csv,2026-08-26
2,VENTRAMEX,VENTRAMEX,El Marqués,Querétaro,336340,Fabricación de partes de sistemas de frenos para vehículos automotrices,251 y más personas,Bernardo Quintana,Industria Limpia / CERTIFICADO_VIGENTE,"Certificado PROFEPA Industria Limpia (certificado_vigente, vigencia 2026); SCIAN intensivo en energía (336340); Parque: Bernardo Quintana; DENUE 251+ empleados (2026-05)",7,https://www.inegi.org.mx/contenidos/masiva/denue/denue_22_csv.zip; https://repodatos.atdt.gob.mx/api_update/profepa/certificados_vigentes_fecha_programa_nacional_auditoria_ambiental/certificados_vigentes_pnaa.csv,2026-08-26
3,CONSORCIO INDUSTRIAL MEXICANO DE AUTOPARTES,CONSORCIO INDUSTRIAL MEXICANO DE AUTOPARTES,Silao de la Victoria,Guanajuato,336360,Fabricación de asientos y accesorios interiores para vehículos automotores,251 y más personas,Las Colinas Silao,Industria Limpia / CERTIFICADO_VIGENTE,"Certificado PROFEPA Industria Limpia (certificado_vigente, vigencia 2026); SCIAN intensivo en energía (336360); Parque: Las Colinas Silao; DENUE 251+ empleados (2026-05)",7,https://www.inegi.org.mx/contenidos/masiva/denue/denue_11_csv.zip; https://repodatos.atdt.gob.mx/api_update/profepa/certificados_vigentes_fecha_programa_nacional_auditoria_ambiental/certificados_vigentes_pnaa.csv,2026-08-26
4,PROCTER & GAMBLE MARISCALA,PROCTER & GAMBLE MANUFACTURING MEXICO,Apaseo el Grande,Guanajuato,325620,"Fabricación de cosméticos, perfumes y otras preparaciones de tocador",251 y más personas,,Industria Limpia / CERTIFICADO_VIGENTE,"Certificado PROFEPA Industria Limpia (certificado_vigente, vigencia 2026); SCIAN intensivo en energía (325620); DENUE 251+ empleados (2026-05)",6,https://www.inegi.org.mx/contenidos/masiva/denue/denue_11_csv.zip; https://repodatos.atdt.gob.mx/api_update/profepa/certificados_vigentes_fecha_programa_nacional_auditoria_ambiental/certificados_vigentes_pnaa.csv,2026-08-26
5,AUTOLIV,AUTOLIV STEERING WHEELS MEXICO,El Marqués,Querétaro,336390,Fabricación de otras partes para vehículos automotrices,251 y más personas,,Industria Limpia / CERTIFICADO_VIGENTE,"Certificado PROFEPA Industria Limpia (certificado_vigente, vigencia 2026); SCIAN intensivo en energía (336390); DENUE 251+ empleados (2026-05)",6,https://www.inegi.org.mx/contenidos/masiva/denue/denue_22_csv.zip; https://repodatos.atdt.gob.mx/api_update/profepa/certificados_vigentes_fecha_programa_nacional_auditoria_ambiental/certificados_vigentes_pnaa.csv,2026-08-26
6,LEAR CORPORATION PLANTA LEON,LEAR MEXICAN TRIM OPERATIONS,León,Guanajuato,336360,Fabricación de asientos y accesorios interiores para vehículos automotores,251 y más personas,,Industria Limpia / CERTIFICADO_VIGENTE,"Certificado PROFEPA Industria Limpia (certificado_vigente, vigencia 2027); SCIAN intensivo en energía (336360); DENUE 251+ empleados (2026-05)",6,https://www.inegi.org.mx/contenidos/masiva/denue/denue_11_csv.zip; https://repodatos.atdt.gob.mx/api_update/profepa/certificados_vigentes_fecha_programa_nacional_auditoria_ambiental/certificados_vigentes_pnaa.csv,2026-08-26
7,KIRCHHOFF AUTOMOTIVE MEXICO,KIRCHHOFF AUTOMOTIVE MEXICO,Querétaro,Querétaro,336370,Fabricación de piezas metálicas troqueladas para vehículos automotrices,251 y más personas,,Industria Limpia / CERTIFICADO_VIGENTE,"Certificado PROFEPA Industria Limpia (certificado_vigente, vigencia 2027); SCIAN intensivo en energía (336370); DENUE 251+ empleados (2026-05)",6,https://www.inegi.org.mx/contenidos/masiva/denue/denue_22_csv.zip; https://repodatos.atdt.gob.mx/api_update/profepa/certificados_vigentes_fecha_programa_nacional_auditoria_ambiental/certificados_vigentes_pnaa.csv,2026-08-26
8,TROQUELADORA BATESVILLE DE MEXICO,TROQUELADORA BATESVILLE DE MEXICO,Querétaro,Querétaro,332110,Fabricación de productos metálicos forjados y troquelados,251 y más personas,Parque Industrial Querétaro,Industria Limpia / CERTIFICADO_VIGENTE,"Certificado PROFEPA Industria Limpia (certificado_vigente, vigencia 2026); Parque: Parque Industrial Querétaro; DENUE 251+ empleados (2026-05)",5,https://www.inegi.org.mx/contenidos/masiva/denue/denue_22_csv.zip; https://repodatos.atdt.gob.mx/api_update/profepa/certificados_vigentes_fecha_programa_nacional_auditoria_ambiental/certificados_vigentes_pnaa.csv,2026-08-26
9,EATON,BUSSMANN,Querétaro,Querétaro,335999,Fabricación de otros productos eléctricos,251 y más personas,,Industria Limpia / CERTIFICADO_VIGENTE,"Certificado PROFEPA Industria Limpia (certificado_vigente, vigencia 2026); DENUE 251+ empleados (2026-05)",4,https://www.inegi.org.mx/contenidos/masiva/denue/denue_22_csv.zip; https://repodatos.atdt.gob.mx/api_update/profepa/certificados_vigentes_fecha_programa_nacional_auditoria_ambiental/certificados_vigentes_pnaa.csv,2026-08-26
10,INDUSTRIA ENVASADORA DE QUERETARO,INDUSTRIA ENVASADORA DE QUERETARO,Querétaro,Querétaro,312111,Elaboración de refrescos y otras bebidas no alcohólicas,251 y más personas,,Industria Limpia / CERTIFICADO_VIGENTE,"Certificado PROFEPA Industria Limpia (certificado_vigente, vigencia 2026); DENUE 251+ empleados (2026-05)",4,https://www.inegi.org.mx/contenidos/masiva/denue/denue_22_csv.zip; https://repodatos.atdt.gob.mx/api_update/profepa/certificados_vigentes_fecha_programa_nacional_auditoria_ambiental/certificados_vigentes_pnaa.csv,2026-08-26
11,HANWA,HANWA STEEL SERVICE MEXICANA,Apaseo el Grande,Guanajuato,331220,Fabricación de otros productos de hierro y acero,251 y más personas,Amistad Bajío,,SCIAN intensivo en energía (331220); Parque: Amistad Bajío; DENUE 251+ empleados (2026-05),3,https://www.inegi.org.mx/contenidos/masiva/denue/denue_11_csv.zip,2026-08-26
12,BETA PROCESOS,BETA PROCESOS,Celaya,Guanajuato,325610,"Fabricación de jabones, limpiadores y dentífricos",251 y más personas,Ciudad Industrial,,SCIAN intensivo en energía (325610); Parque: Ciudad Industrial; DENUE 251+ empleados (2026-05),3,https://www.inegi.org.mx/contenidos/masiva/denue/denue_11_csv.zip,2026-08-26
13,WYN DE MEXICO PRODUCTOS QUIMICOS,WYN DE MEXICO PRODUCTOS QUIMICOS,El Marqués,Querétaro,325211,Fabricación de resinas sintéticas,251 y más personas,Bernardo Quintana,,SCIAN intensivo en energía (325211); Parque: Bernardo Quintana; DENUE 251+ empleados (2026-05),3,https://www.inegi.org.mx/contenidos/masiva/denue/denue_22_csv.zip,2026-08-26
14,CARTONES MICROCORRUGADOS,CARTONES MICROCORRUGADOS,León,Guanajuato,322132,Fabricación de cartón y cartoncillo a partir de pulpa,251 y más personas,Ciudad Industrial,,SCIAN intensivo en energía (322132); Parque: Ciudad Industrial; DENUE 251+ empleados (2026-05),3,https://www.inegi.org.mx/contenidos/masiva/denue/denue_11_csv.zip,2026-08-26
15,DISTRIBUIDORA COMERCIAL JAFRA,DISTRIBUIDORA COMERCIAL JAFRA,Querétaro,Querétaro,325620,"Fabricación de cosméticos, perfumes y otras preparaciones de tocador",251 y más personas,Parque Industrial Querétaro,,SCIAN intensivo en energía (325620); Parque: Parque Industrial Querétaro; DENUE 251+ empleados (2026-05),3,https://www.inegi.org.mx/contenidos/masiva/denue/denue_22_csv.zip,2026-08-26
16,NUCITEC,NUCITEC,Querétaro,Querétaro,325412,Fabricación de preparaciones farmacéuticas,251 y más personas,Parque Industrial Querétaro,,SCIAN intensivo en energía (325412); Parque: Parque Industrial Querétaro; DENUE 251+ empleados (2026-05),3,https://www.inegi.org.mx/contenidos/masiva/denue/denue_22_csv.zip,2026-08-26
17,BEIERSDORF MANUFACTURING MEXICO,BEIERSDORF MANUFACTURING MEXICO,Silao de la Victoria,Guanajuato,325620,"Fabricación de cosméticos, perfumes y otras preparaciones de tocador",251 y más personas,Guanajuato Puerto Interior,,SCIAN intensivo en energía (325620); Parque: Guanajuato Puerto Interior; DENUE 251+ empleados (2026-05),3,https://www.inegi.org.mx/contenidos/masiva/denue/denue_11_csv.zip,2026-08-26
18,FAIST ALUCAST,FAIST ALUCAST,Silao de la Victoria,Guanajuato,331520,Moldeo por fundición de piezas metálicas no ferrosas,251 y más personas,Guanajuato Puerto Interior,,SCIAN intensivo en energía (331520); Parque: Guanajuato Puerto Interior; DENUE 251+ empleados (2026-05),3,https://www.inegi.org.mx/contenidos/masiva/denue/denue_11_csv.zip,2026-08-26
19,THYSSENKRUPP MATERIALS DE MEXICO PLANTA SILAO,THYSSENKRUPP MATERIALS DE MEXICO,Silao de la Victoria,Guanajuato,331220,Fabricación de otros productos de hierro y acero,251 y más personas,FIPASI,,SCIAN intensivo en energía (331220); Parque: FIPASI; DENUE 251+ empleados (2026-05),3,https://www.inegi.org.mx/contenidos/masiva/denue/denue_11_csv.zip,2026-08-26
20,USUI INTERNATIONAL MANUFACTURING MEXICO,USUI INTERNATIONAL MANUFACTURING MEXICO,Silao de la Victoria,Guanajuato,331210,Fabricación de tubos y postes de hierro y acero,251 y más personas,Guanajuato Puerto Interior,,SCIAN intensivo en energía (331210); Parque: Guanajuato Puerto Interior; DENUE 251+ empleados (2026-05),3,https://www.inegi.org.mx/contenidos/masiva/denue/denue_11_csv.zip,2026-08-26
21,DELFINGEN MX COAHUILA,DELFINGEN MX COAHUILA,Apaseo el Grande,Guanajuato,326120,"Fabricación de tubería y conexiones, y tubos para embalaje",251 y más personas,Amistad Bajío,,SCIAN intensivo en energía (326120); Parque: Amistad Bajío; DENUE 251+ empleados (2026-05),3,https://www.inegi.org.mx/contenidos/masiva/denue/denue_11_csv.zip,2026-08-26
22,G ONE AUTO PARTS DE MÉXICO,G ONE AUTO PARTS DE MÉXICO,Apaseo el Grande,Guanajuato,336210,Fabricación de carrocerías y remolques,251 y más personas,Amistad Bajío,,SCIAN intensivo en energía (336210); Parque: Amistad Bajío; DENUE 251+ empleados (2026-05),3,https://www.inegi.org.mx/contenidos/masiva/denue/denue_11_csv.zip,2026-08-26
23,MAHLE SISTEMAS DE FILTRACION DE MEXICO,MAHLE SISTEMAS DE FILTRACION DE MEXICO,Apaseo el Grande,Guanajuato,336390,Fabricación de otras partes para vehículos automotrices,251 y más personas,Amistad Bajío,,SCIAN intensivo en energía (336390); Parque: Amistad Bajío; DENUE 251+ empleados (2026-05),3,https://www.inegi.org.mx/contenidos/masiva/denue/denue_11_csv.zip,2026-08-26
24,MUBEA DE MEXICO,MUBEA DE MEXICO,Apaseo el Grande,Guanajuato,336330,Fabricación de partes de sistemas de dirección y de suspensión para vehículos automotrices,251 y más personas,Amistad Bajío,,SCIAN intensivo en energía (336330); Parque: Amistad Bajío; DENUE 251+ empleados (2026-05),3,https://www.inegi.org.mx/contenidos/masiva/denue/denue_11_csv.zip,2026-08-26
25,SERVICIOS VISTAMEX,SERVICIOS VISTAMEX,Apaseo el Grande,Guanajuato,326194,Fabricación de otros productos de plástico de uso industrial sin reforzamiento,251 y más personas,Amistad Bajío,,SCIAN intensivo en energía (326194); Parque: Amistad Bajío; DENUE 251+ empleados (2026-05),3,https://www.inegi.org.mx/contenidos/masiva/denue/denue_11_csv.zip,2026-08-26
26,SETEX AUTOMOTIVE MÉXICO,SETEX AUTOMOTIVE MÉXICO,Apaseo el Grande,Guanajuato,336360,Fabricación de asientos y accesorios interiores para vehículos automotores,251 y más personas,Amistad Bajío,,SCIAN intensivo en energía (336360); Parque: Amistad Bajío; DENUE 251+ empleados (2026-05),3,https://www.inegi.org.mx/contenidos/masiva/denue/denue_11_csv.zip,2026-08-26
27,STANDARD PROFIL MEXICO,STANDARD PROFIL MEXICO,Apaseo el Grande,Guanajuato,326290,Fabricación de otros productos de hule,251 y más personas,Amistad Bajío,,SCIAN intensivo en energía (326290); Parque: Amistad Bajío; DENUE 251+ empleados (2026-05),3,https://www.inegi.org.mx/contenidos/masiva/denue/denue_11_csv.zip,2026-08-26
28,YAMADA VISTAMEX,YAMADA VISTAMEX,Apaseo el Grande,Guanajuato,326193,Fabricación de envases y contenedores de plástico para embalaje con y sin reforzamiento,251 y más personas,Amistad Bajío,,SCIAN intensivo en energía (326193); Parque: Amistad Bajío; DENUE 251+ empleados (2026-05),3,https://www.inegi.org.mx/contenidos/masiva/denue/denue_11_csv.zip,2026-08-26
29,YOROZU AUTOMOTIVE GUANAJUATO DE MEXICO,YOROZU AUTOMOTIVE GUANAJUATO DE MEXICO,Apaseo el Grande,Guanajuato,336330,Fabricación de partes de sistemas de dirección y de suspensión para vehículos automotrices,251 y más personas,Amistad Bajío,,SCIAN intensivo en energía (336330); Parque: Amistad Bajío; DENUE 251+ empleados (2026-05),3,https://www.inegi.org.mx/contenidos/masiva/denue/denue_11_csv.zip,2026-08-26
30,YUTAKA TECHONOLOGIES DE MÉXICO,YUTAKA TECHONOLOGIES DE MÉXICO,Apaseo el Grande,Guanajuato,336390,Fabricación de otras partes para vehículos automotrices,251 y más personas,Amistad Bajío,,SCIAN intensivo en energía (336390); Parque: Amistad Bajío; DENUE 251+ empleados (2026-05),3,https://www.inegi.org.mx/contenidos/masiva/denue/denue_11_csv.zip,2026-08-26
31,ARBOMEX,ARBOMEX,Celaya,Guanajuato,336310,Fabricación de motores de gasolina y sus partes para vehículos automotrices,251 y más personas,Ciudad Industrial,,SCIAN intensivo en energía (336310); Parque: Ciudad Industrial; DENUE 251+ empleados (2026-05),3,https://www.inegi.org.mx/contenidos/masiva/denue/denue_11_csv.zip,2026-08-26
32,CELAY,CELAY,Celaya,Guanajuato,336390,Fabricación de otras partes para vehículos automotrices,251 y más personas,Ciudad Industrial,,SCIAN intensivo en energía (336390); Parque: Ciudad Industrial; DENUE 251+ empleados (2026-05),3,https://www.inegi.org.mx/contenidos/masiva/denue/denue_11_csv.zip,2026-08-26
33,CIE CELAYA,CIE CELAYA,Celaya,Guanajuato,336340,Fabricación de partes de sistemas de frenos para vehículos automotrices,251 y más personas,Ciudad Industrial,,SCIAN intensivo en energía (336340); Parque: Ciudad Industrial; DENUE 251+ empleados (2026-05),3,https://www.inegi.org.mx/contenidos/masiva/denue/denue_11_csv.zip,2026-08-26
34,CIE CELAYA SAPI DE CB,CIE CELAYA SAPI DE CB,Celaya,Guanajuato,336370,Fabricación de piezas metálicas troqueladas para vehículos automotrices,251 y más personas,Ciudad Industrial,,SCIAN intensivo en energía (336370); Parque: Ciudad Industrial; DENUE 251+ empleados (2026-05),3,https://www.inegi.org.mx/contenidos/masiva/denue/denue_11_csv.zip,2026-08-26
35,MONROE MEXICO,MONROE MEXICO,Celaya,Guanajuato,336330,Fabricación de partes de sistemas de dirección y de suspensión para vehículos automotrices,251 y más personas,Ciudad Industrial,,SCIAN intensivo en energía (336330); Parque: Ciudad Industrial; DENUE 251+ empleados (2026-05),3,https://www.inegi.org.mx/contenidos/masiva/denue/denue_11_csv.zip,2026-08-26
36,SIIOSA,SERVICIO DE INGENIERIA INDUSTRIAL Y OUTSOURCING,Celaya,Guanajuato,336370,Fabricación de piezas metálicas troqueladas para vehículos automotrices,251 y más personas,Ciudad Industrial,,SCIAN intensivo en energía (336370); Parque: Ciudad Industrial; DENUE 251+ empleados (2026-05),3,https://www.inegi.org.mx/contenidos/masiva/denue/denue_11_csv.zip,2026-08-26
37,ASTEMO EL MARQUES,ASTEMO EL MARQUES,El Marqués,Querétaro,336340,Fabricación de partes de sistemas de frenos para vehículos automotrices,251 y más personas,FINSA,,SCIAN intensivo en energía (336340); Parque: FINSA; DENUE 251+ empleados (2026-05),3,https://www.inegi.org.mx/contenidos/masiva/denue/denue_22_csv.zip,2026-08-26
38,AURIA,MEXAURIA SOLUTIONS,El Marqués,Querétaro,336360,Fabricación de asientos y accesorios interiores para vehículos automotores,251 y más personas,Bernardo Quintana,,SCIAN intensivo en energía (336360); Parque: Bernardo Quintana; DENUE 251+ empleados (2026-05),3,https://www.inegi.org.mx/contenidos/masiva/denue/denue_22_csv.zip,2026-08-26
39,CORGRATE FIBERGLASS SYSTEMS,CORGRATE FIBERGLASS SYSTEMS,El Marqués,Querétaro,326198,Fabricación de otros productos de plástico con reforzamiento,251 y más personas,Bernardo Quintana,,SCIAN intensivo en energía (326198); Parque: Bernardo Quintana; DENUE 251+ empleados (2026-05),3,https://www.inegi.org.mx/contenidos/masiva/denue/denue_22_csv.zip,2026-08-26
40,IRIZAR MEXICO,IRIZAR MEXICO,El Marqués,Querétaro,336120,Fabricación de camiones y tractocamiones,251 y más personas,Bernardo Quintana,,SCIAN intensivo en energía (336120); Parque: Bernardo Quintana; DENUE 251+ empleados (2026-05),3,https://www.inegi.org.mx/contenidos/masiva/denue/denue_22_csv.zip,2026-08-26
41,JOHNSON MATTHEY DE MÉXICO,JOHNSON MATTHEY DE MEXICO,El Marqués,Querétaro,336390,Fabricación de otras partes para vehículos automotrices,251 y más personas,Bernardo Quintana,,SCIAN intensivo en energía (336390); Parque: Bernardo Quintana; DENUE 251+ empleados (2026-05),3,https://www.inegi.org.mx/contenidos/masiva/denue/denue_22_csv.zip,2026-08-26
42,NICRO QUERETARO,NICRO PLATING GROUP QUERETARO,El Marqués,Querétaro,336370,Fabricación de piezas metálicas troqueladas para vehículos automotrices,251 y más personas,FINSA,,SCIAN intensivo en energía (336370); Parque: FINSA; DENUE 251+ empleados (2026-05),3,https://www.inegi.org.mx/contenidos/masiva/denue/denue_22_csv.zip,2026-08-26
43,NIHON PLAST MEXICANA,NIHON PLAST MEXICANA,El Marqués,Querétaro,336360,Fabricación de asientos y accesorios interiores para vehículos automotores,251 y más personas,Bernardo Quintana,,SCIAN intensivo en energía (336360); Parque: Bernardo Quintana; DENUE 251+ empleados (2026-05),3,https://www.inegi.org.mx/contenidos/masiva/denue/denue_22_csv.zip,2026-08-26
44,ROBIN MEXICANA,ROBIN MEXICANA,El Marqués,Querétaro,326220,Fabricación de bandas y mangueras de hule y de plástico,251 y más personas,Bernardo Quintana,,SCIAN intensivo en energía (326220); Parque: Bernardo Quintana; DENUE 251+ empleados (2026-05),3,https://www.inegi.org.mx/contenidos/masiva/denue/denue_22_csv.zip,2026-08-26
45,SAAR GUMMI MEXICO,SAAR GUMMI MEXICO,El Marqués,Querétaro,326290,Fabricación de otros productos de hule,251 y más personas,Bernardo Quintana,,SCIAN intensivo en energía (326290); Parque: Bernardo Quintana; DENUE 251+ empleados (2026-05),3,https://www.inegi.org.mx/contenidos/masiva/denue/denue_22_csv.zip,2026-08-26
46,TRW SISTEMAS DE DIRECCIONES,TRW SISTEMAS DE DIRECCIONES,El Marqués,Querétaro,336330,Fabricación de partes de sistemas de dirección y de suspensión para vehículos automotrices,251 y más personas,FINSA,,SCIAN intensivo en energía (336330); Parque: FINSA; DENUE 251+ empleados (2026-05),3,https://www.inegi.org.mx/contenidos/masiva/denue/denue_22_csv.zip,2026-08-26
47,WOCO TECH DE MEXICO,WOCO TECH DE MEXICO,El Marqués,Querétaro,326290,Fabricación de otros productos de hule,251 y más personas,Bernardo Quintana,,SCIAN intensivo en energía (326290); Parque: Bernardo Quintana; DENUE 251+ empleados (2026-05),3,https://www.inegi.org.mx/contenidos/masiva/denue/denue_22_csv.zip,2026-08-26
48,GRAHAM PACKAGING PLASTIC PRODUCTS DE MÉXICO,GRAHAM PACKAGING PLASTIC PRODUCTS DE MEXICO,Irapuato,Guanajuato,326160,Fabricación de botellas de plástico,251 y más personas,Ciudad Industrial,,SCIAN intensivo en energía (326160); Parque: Ciudad Industrial; DENUE 251+ empleados (2026-05),3,https://www.inegi.org.mx/contenidos/masiva/denue/denue_11_csv.zip,2026-08-26
49,KASAI MEXICANA,KASAI MEXICANA,León,Guanajuato,326192,Fabricación de autopartes de plástico con y sin reforzamiento,251 y más personas,Ciudad Industrial,,SCIAN intensivo en energía (326192); Parque: Ciudad Industrial; DENUE 251+ empleados (2026-05),3,https://www.inegi.org.mx/contenidos/masiva/denue/denue_11_csv.zip,2026-08-26
50,PLASTICOS AHERIBLES DEL BAJIO RESTAURADORES,PLASTICOS ADHERIBLES DEL BAJIO,León,Guanajuato,326191,Fabricación de productos de plástico para el hogar con y sin reforzamiento,251 y más personas,Ciudad Industrial,,SCIAN intensivo en energía (326191); Parque: Ciudad Industrial; DENUE 251+ empleados (2026-05),3,https://www.inegi.org.mx/contenidos/masiva/denue/denue_11_csv.zip,2026-08-26
